Gene_set	Term	Overlap	P-value	Adjusted P-value	Old P-value	Old Adjusted P-value	Odds Ratio	Combined Score	Genes
KEGG_2021_Human	Neuroactive ligand-receptor interaction	168/341	1.7731853718269048e-32	5.5855339212547496e-30	0	0	3.851033789989006	281.5488701256004	NPFFR2;CHRM2;PRSS1;VIPR1;NPFFR1;CHRM1;SCT;CHRM4;CHRM5;GRPR;HTR4;RXFP1;RXFP2;EDNRA;HTR6;CYSLTR1;ADORA3;C3AR1;PRSS3;PRSS2;CHRNB2;UTS2R;LHCGR;CHRNB3;F2R;NPY1R;GABRG3;PRLR;GABRG2;GABRG1;ADCYAP1;MTNR1A;CHRNA1;PTGFR;GRIA2;CALCA;CALCRL;CHRNA2;GIPR;CHRNA4;C5AR1;FPR1;CHRNA9;FPR3;LPAR3;GPR83;FPR2;LPAR4;NTS;CRHR1;KNG1;CRHR2;C3;GRIN2A;HRH1;GALR3;HRH3;TBXA2R;NPBWR2;PENK;PPY;TAC4;DRD1;CGA;HCRT;DRD2;TAC1;DRD4;NTSR2;DRD5;NMB;HTR1E;HTR1A;HTR1B;GRIN2C;GRIN2B;GH1;PYY;GRIN3B;GRIN3A;NMU;GNRH2;GNRH1;GABRB3;GABRB2;HTR2C;OXT;PRL;PTH1R;HTR2A;ADRA1A;GRM1;GABRR3;MC4R;GRM3;GRM2;GRM5;GRM4;GRM7;PRLHR;INSL3;NPY5R;AVPR2;TACR3;PTH2R;AVPR1A;OPRM1;SSTR1;F2;ADRA2C;SSTR2;ADRA2B;SSTR3;ADRA2A;SSTR4;CORT;CCKBR;ADORA2A;CRH;AVP;PTGER4;GRP;NPY4R;PTAFR;PTGER3;PLG;P2RY8;GLRA1;GLRA2;P2RY6;GLRA3;NPW;NPY;S1PR3;S1PR2;GPR156;S1PR5;GABRD;GABRA2;GABBR2;GABRA1;P2RY13;GABBR1;P2RY10;GABRA6;GABRA5;GABRA4;GZMA;GABRA3;OPRK1;CCK;HTR5A;HCRTR2;TSHR;GRIN1;HCRTR1;KISS1;POMC;MAS1;P2RX5;P2RX3;P2RX2;SST;MC5R;F2RL1;VIP;F2RL2;F2RL3
KEGG_2021_Human	Cytokine-cytokine receptor interaction	118/295	1.7682061470191592e-14	2.784924681555176e-12	0	0	2.61012721376902	82.65287757569729	IL1RN;TNFRSF6B;CCL4L2;IL5RA;IL1RAP;CXCL13;TNF;CXCL16;IL36B;TNFSF11;IL13RA2;IFNA13;IL1R2;PRLR;CSF1R;CCL3L3;EBI3;IL20RA;CSF2RB;TNFRSF11B;CSF2RA;THPO;IFNA21;CCR1;TNFSF18;NGFR;XCR1;TGFB1;TNFSF14;TNFSF15;TNFRSF9;LIF;TNFRSF10C;IL36G;GDF3;PPBP;GDF6;GDF5;IFNW1;BMP5;BMP3;CXCL10;GH1;CXCL11;IL7;CD27;TNFSF9;TNFSF8;IL7R;NODAL;CXCL9;IFNA6;CXCL8;MSTN;TNFRSF13B;IL24;IL27;FASLG;PRL;CXCL3;EDA2R;TNFSF13B;CCR5;CCR4;CCR3;CCR2;IL10;TNFRSF12A;TNFRSF19;IL18;IL1A;IL1B;IFNE;XCL2;TNFRSF25;CCL14;CX3CR1;CCL13;CXCR4;CXCR6;IL1RL1;IL1RL2;ACVR1C;CCL8;CCL7;CXCR3;CCL5;CXCR2;CCL4;CCL3;CCL2;CCL18;IL12RB1;CCL17;IFNL3;GDF10;IL32;CCL24;CCL23;CCL22;CCL21;CCL20;CD70;GDF15;IL34;OSM;CD4;CD40LG;CLCF1;IL2RA;IL2RB;ACKR3;INHA;CCL28;IL17C;IL17B;CCL26;PF4
KEGG_2021_Human	Viral protein interaction with cytokine and cytokine receptor	50/100	6.090944617733529e-11	5.950019134541267e-09	0	0	3.8810399803777287	91.28839746976466	CXCL9;CXCL8;CCL4L2;IL24;CXCL13;CXCL3;TNF;CCR5;CCR4;CCR3;CCR2;IL10;IL18;XCL2;CCL14;CX3CR1;CSF1R;CCL13;CCL3L3;IL20RA;CXCR4;CCL8;CCL7;CCL5;CXCR3;CCL4;CXCR2;CCL3;CCL2;CCL18;CCL17;CCR1;CCL24;CCL23;XCR1;CCL22;TNFSF14;CCL21;CCL20;IL34;TNFRSF10C;PPBP;CXCL10;CXCL11;IL2RA;IL2RB;ACKR3;CCL28;CCL26;PF4
KEGG_2021_Human	GABAergic synapse	46/89	8.277742209040717e-11	5.950019134541267e-09	0	0	4.149575742379604	96.33184386921356	GABRB3;GABRB2;GLS2;CACNA1B;CACNA1A;CACNA1D;ADCY1;CACNA1C;SLC6A1;CACNA1F;GLS;ADCY5;GABRR3;GNG3;GNGT2;GNG5;GNG7;GNG8;CACNA1S;GABRD;PRKCG;GABRA2;GABBR2;GABRA1;GABARAPL1;GABBR1;KCNJ6;SLC12A5;SLC32A1;GABRA6;PRKCB;GABRA5;GABRA4;GAD1;PLCL1;GABRA3;SLC6A13;SLC6A12;GAD2;GABRG3;GABRG2;GABRG1;GNG13;GNAO1;GNB4;GNB3
KEGG_2021_Human	Serotonergic synapse	54/113	9.721045673814904e-11	5.950019134541267e-09	0	0	3.5536043477718087	81.9253021971069	GABRB3;GABRB2;HTR2C;HTR2A;HTR4;HTR6;GNGT2;CYP2D6;SLC18A1;SLC18A2;PRKCG;PLA2G4F;PLA2G4D;PRKCB;PLA2G4E;PLA2G4B;PLA2G4A;HTR3A;PLCB4;JMJD7-PLA2G4B;RAPGEF3;TPH2;DDC;ALOX15;CACNA1B;ITPR1;CACNA1A;CACNA1D;ALOX12B;CACNA1C;CACNA1F;CYP2C18;ADCY5;PTGS1;GNG3;CYP4X1;GNG5;GNG7;GNG8;CACNA1S;KCNJ3;KCNJ5;KCNJ6;HTR1E;KCNJ9;HTR1A;HTR1B;HTR5A;ALOX15B;GNG13;GNAO1;CYP2C8;GNB4;GNB3
KEGG_2021_Human	Systemic lupus erythematosus	61/135	1.1333369780078603e-10	5.950019134541267e-09	0	0	3.2030250860796854	73.35146716963877	CD86;CD80;H2AC15;H2AC16;TNF;H2AC17;H2AC11;H2AC12;H2AC13;FCGR3A;H2AC14;H4C2;H4C4;HLA-DOA;H4C3;TRIM21;HLA-DPA1;IL10;H3C8;H2AC8;H2AC7;H2BC17;H2BC12;H2BC13;H4C14;H2BC10;H2BC11;H4C11;HLA-DQB1;C1QB;C1QA;C1S;C1R;C2;C3;GRIN2A;HLA-DMA;HLA-DMB;H3C12;H3C10;FCGR1A;H2BW2;H3C4;HLA-DQA2;ELANE;H3C7;HLA-DQA1;H3C6;H2BC9;HLA-DRB5;H2BC7;GRIN2B;H3-5;CD40LG;FCGR2A;H2AC20;CD28;HLA-DPB1;HLA-DRA;HLA-DRB1;C1QC
KEGG_2021_Human	Hematopoietic cell lineage	49/99	1.4960861849460068e-10	6.732387832257031e-09	0	0	3.802486512996567	86.02364645844712	FLT3;ITGB3;ITGA2B;IL5RA;CD3G;CD3E;TNF;CD3D;CD37;HLA-DOA;CD33;HLA-DPA1;CR2;ITGA4;GP1BB;IL1R2;CD8B2;IL1A;IL1B;KIT;ITGA5;CD44;HLA-DQB1;CSF1R;GYPA;CD1E;CD1D;CD1C;CSF2RA;CD1A;HLA-DMA;HLA-DMB;THPO;CD19;CD14;FCGR1A;HLA-DQA2;HLA-DQA1;HLA-DRB5;CD2;CD4;IL7;CR1L;IL2RA;HLA-DPB1;HLA-DRA;IL7R;CD22;HLA-DRB1
KEGG_2021_Human	Morphine addiction	46/91	2.195007291294624e-10	8.642841209472582e-09	0	0	3.964649187290697	88.17247199459085	GABRB3;GABRB2;PDE1B;PDE1A;CACNA1B;CACNA1A;ARRB1;ADCY1;ADCY5;GABRR3;GNG3;GRK3;PDE11A;GNGT2;GNG5;GNG7;PDE4A;GNG8;DRD1;GABRD;KCNJ3;PRKCG;GABRA2;GABBR2;GABRA1;KCNJ5;GABBR1;KCNJ6;SLC32A1;GABRA6;PRKCB;GABRA5;KCNJ9;GABRA4;PDE4C;GABRA3;PDE2A;OPRM1;GABRG3;GABRG2;GABRG1;GNG13;GNAO1;PDE10A;GNB4;GNB3
KEGG_2021_Human	Staphylococcus aureus infection	47/95	3.593229981518901e-10	1.2576304935316156e-08	0	0	3.7978707107843137	82.59153255396758	C1QB;C1QA;SELPLG;C1S;C1R;ITGB2;C5AR1;CFI;PTAFR;FPR1;FPR3;PLG;FPR2;ITGAL;FCAR;C2;C3;KRT33B;FCGR3A;HLA-DMA;HLA-DMB;C3AR1;HLA-DOA;FCGR1A;HLA-DQA2;CAMP;HLA-DQA1;HLA-DPA1;IL10;HLA-DRB5;FGG;KRT13;KRT34;KRT31;KRT19;FCGR2A;KRT15;KRT36;KRT14;HLA-DPB1;DSG1;HLA-DRA;MASP1;FCGR2B;HLA-DRB1;HLA-DQB1;C1QC
KEGG_2021_Human	Calcium signaling pathway	91/240	4.891452189179896e-10	1.540807439591667e-08	0	0	2.3793975030098244	51.01038429602739	RYR1;CHRM2;RYR2;CHRM1;CALML5;CALML6;CHRM5;HTR2C;CALML3;HTR2A;GRPR;HTR4;ADRA1A;RYR3;GRM1;SLC8A2;FGF5;PPP3CA;EDNRA;HTR6;CYSLTR1;GRM5;FGF8;FGF9;NOS1;PRKCG;LHCGR;CAMK1D;PRKCB;TNNC1;TNNC2;F2R;TACR3;AVPR1A;TRDN;PLCB4;CCKBR;ADORA2A;ITPKA;CASQ2;CAMK1G;CAMK2B;PTGFR;PDE1B;PDE1A;PTAFR;PTGER3;CAMK2A;CACNA1B;ITPR1;CXCR4;CACNA1A;CACNA1D;MST1R;ADCY1;CACNA1C;CACNA1F;CACNA1E;EGFR;CACNA1H;CACNA1I;GRIN2A;HRH1;PPP3R2;TBXA2R;ERBB4;PDGFD;PDGFC;PTK2B;CACNA1S;DRD1;FGF22;DRD5;MCOLN3;EGF;ATP2B3;VEGFD;ATP2B2;GRIN2C;HTR5A;MCOLN2;GRIN1;FGF17;P2RX5;GNAL;GDNF;P2RX3;P2RX2;CAMK4;SLC25A31;FGFR3
KEGG_2021_Human	Protein digestion and absorption	49/103	8.59060690613223e-10	2.4600374322105936e-08	0	0	3.519930793962182	73.47919434559147	KCNK5;PRSS1;COL14A1;SLC8A2;PRSS3;PRSS2;CPA1;SLC15A1;CELA2A;COL27A1;CELA2B;CTRB2;CTRB1;ATP1B1;SLC9A3;SLC7A7;COL4A2;COL4A1;SLC7A9;KCNQ1;COL4A3;COL4A6;COL8A1;COL21A1;COL6A3;COL6A6;COL17A1;CELA3A;CPB1;KCNE3;COL11A2;ATP1A4;ATP1A3;SLC3A1;SLC1A5;COL19A1;DPP4;COL26A1;COL24A1;COL22A1;KCNJ13;PGA3;COL1A1;COL3A1;COL1A2;XPNPEP2;COL7A1;COL5A2;COL9A1
KEGG_2021_Human	Nicotine addiction	26/40	1.5195501808038282e-09	3.9888192246100494e-08	0	0	7.181767513150103	145.8247227152916	GABRB3;GABRB2;GRIA2;CHRNA4;CACNA1B;CACNA1A;GABRR3;GRIN2A;SLC17A7;GABRD;CHRNB2;GABRA2;GABRA1;GABRA6;SLC32A1;GABRA5;GABRA4;GABRA3;GRIN2C;GABRG3;GRIN2B;GABRG2;GABRG1;GRIN1;GRIN3B;GRIN3A
KEGG_2021_Human	Glutamatergic synapse	52/114	1.7322546370018567e-09	4.1973862358121915e-08	0	0	3.254193548387097	65.64958654297268	GRM1;GLS;GRM3;GRM2;PPP3CA;GRM5;GNGT2;GRM4;GRM7;DLGAP1;PRKCG;PLA2G4F;PLA2G4D;PRKCB;PLA2G4E;PLA2G4B;PLA2G4A;PLCB4;JMJD7-PLA2G4B;SHANK3;SHANK2;SHANK1;GRIA2;GLS2;ITPR1;SLC1A2;CACNA1A;CACNA1D;CACNA1C;ADCY1;SLC1A6;SLC1A7;ADCY5;GRIN2A;GRK3;GNG3;PPP3R2;GNG5;GNG7;GNG8;SLC17A7;KCNJ3;GRIN2C;GRIN2B;GNG13;GRIN1;GNAO1;GRIN3B;GRIN3A;DLG4;GNB4;GNB3
KEGG_2021_Human	Circadian entrainment	45/97	1.1062715411146848e-08	2.489110967508041e-07	0	0	3.3540543851053406	61.44522099737264	RYR1;CAMK2B;GRIA2;RYR2;GUCY1B1;CALML5;CALML6;CAMK2A;ITPR1;CALML3;CACNA1D;CACNA1C;ADCY1;CACNA1H;RYR3;ADCY5;CACNA1I;GRIN2A;GNG3;RPS6KA5;GNGT2;GNG5;GNG7;PRKG2;GNG8;NOS1;KCNJ3;PRKCG;KCNJ5;KCNJ6;PRKCB;KCNJ9;GRIN2C;GRIN2B;GNG13;GRIN1;GNAO1;ADCYAP1;ADCY10;MTNR1A;PLCB4;PER3;NOS1AP;GNB4;GNB3
KEGG_2021_Human	cAMP signaling pathway	78/216	9.491013409896762e-08	1.99311281607832e-06	0	0	2.196516584878714	35.51840977910234	CHRM2;RYR2;CHRM1;CALML5;CALML6;HHIP;CALML3;OXT;HTR4;EDNRA;HTR6;CREB3L3;RAC2;CNGA1;PDE4A;CNGA3;CNGA4;ABCC4;LHCGR;F2R;PDE4C;NPY1R;SSTR1;ATP1B1;SSTR2;VAV1;ADCYAP1;ADORA2A;CFTR;RAPGEF3;RAPGEF4;CNGB1;CAMK2B;HCN4;GRIA2;SUCNR1;GIPR;PTGER3;CAMK2A;ATP1A4;ATP1A3;CACNA1D;ADCY1;CACNA1C;CACNA1F;ADCY5;GRIN2A;HCAR1;NPY;TNNI3;CACNA1S;DRD1;CGA;DRD2;DRD5;GABBR2;GABBR1;HTR1E;BDNF;HTR1A;HTR1B;ATP2B3;ATP2B2;GRIN2C;GRIN2B;TSHR;GRIN1;POMC;ADCY10;GRIN3B;GRIN3A;PDE10A;SST;CAMK4;FXYD1;PPP1R1B;VIP;HCN2
KEGG_2021_Human	Neutrophil extracellular trap formation	69/189	3.175863654456598e-07	6.2524815697114274e-06	0	0	2.232127895515032	33.39824943651964	SIGLEC9;NCF1;NCF2;ITGB3;AQP9;HDAC11;ITGA2B;NCF4;ITGB2;H2AC15;ITGAL;H2AC16;MPO;H2AC17;H2AC11;H2AC12;H2AC13;FCGR3A;H2AC14;CASP1;RAC2;H4C2;H4C4;H4C3;CAMP;PRKCG;FGB;FGA;H3C8;H2AC8;SYK;H2AC7;PRKCB;FGG;CYBB;H2BC17;H2BC12;H2BC13;PLCB4;H4C14;H2BC10;H2BC11;H4C11;TLR8;TLR7;TLR2;SELPLG;C5AR1;FPR1;FPR3;FPR2;C3;H3C12;H3C10;FCGR1A;H2BW2;H3C4;ELANE;H3C7;H3C6;H2BC9;H2BC7;AZU1;MAPK11;H3-5;FCGR2A;CR1L;H2AC20;SLC25A31
KEGG_2021_Human	Type I diabetes mellitus	24/43	4.222155387387058e-07	7.82340557074661e-06	0	0	4.88084456815937	71.63981586243797	CD86;HLA-DRB5;CD80;PTPRN;GAD1;PRF1;GAD2;GZMB;FASLG;TNF;HLA-G;IL1A;HLA-DMA;HLA-DMB;IL1B;CD28;HLA-DPB1;HLA-DRA;HLA-DOA;HLA-DQA2;HLA-DQA1;HLA-DRB1;HLA-DPA1;HLA-DQB1
KEGG_2021_Human	Complement and coagulation cascades	38/85	4.876903522098394e-07	8.534581163672191e-06	0	0	3.129246603497708	45.47917198808885	C1QB;C1QA;SERPINA1;C1S;C1R;PROS1;ITGB2;SERPINE1;C5AR1;CFI;F13A1;PLG;TFPI;KNG1;SERPINA5;C2;C3;VTN;PLAU;C3AR1;VSIG4;FGB;FGA;CR2;SERPIND1;F2R;FGG;F11;PLAUR;F2;F7;PROCR;CR1L;MASP1;KLKB1;F2RL2;C1QC;F2RL3
KEGG_2021_Human	Alcoholism	67/186	8.190118779839188e-07	1.3578354819207074e-05	0	0	2.184704226518193	30.618995126796243	CALML5;CALML6;HDAC11;CALML3;H2AC15;H2AC16;H2AC17;SLC6A3;H2AC11;H2AC12;H2AC13;H2AC14;GNGT2;CREB3L3;H4C2;H4C4;H4C3;SLC18A1;SLC18A2;H3C8;H2AC8;H2AC7;H2BC17;H2BC12;H2BC13;ADORA2A;H4C14;H2BC10;H2BC11;H4C11;CRH;SLC29A2;DDC;CAMKK1;ADCY5;CAMKK2;GRIN2A;GNG3;GNG5;GNG7;NPY;H3C12;GNG8;H3C10;DRD1;DRD2;H2BW2;H3C4;H3C7;H3C6;H2BC9;H2BC7;BDNF;GRIN2C;GRIN2B;GNG13;GRIN1;GNAO1;GRIN3B;H3-5;GRIN3A;TH;H2AC20;CAMK4;PPP1R1B;GNB4;GNB3
KEGG_2021_Human	Autoimmune thyroid disease	27/53	9.40615815155933e-07	1.4814699088705943e-05	0	0	4.013780487804878	55.69815233775723	CD86;IFNA6;CD80;PRF1;FASLG;HLA-DMA;TPO;HLA-DMB;HLA-DOA;CGA;HLA-DQA2;HLA-DQA1;HLA-DPA1;IFNA21;IL10;IFNA13;HLA-DRB5;GZMB;HLA-G;TSHR;CD40LG;TG;CD28;HLA-DPB1;HLA-DRA;HLA-DRB1;HLA-DQB1
KEGG_2021_Human	Oxytocin signaling pathway	57/154	1.970411169792185e-06	2.955616754688278e-05	0	0	2.2777476633146736	29.92338222131996	RYR1;RYR2;GUCY1B1;CALML5;CALML6;CALML3;OXT;PIK3CG;PRKAG3;RYR3;PPP3CA;PRKCG;PLA2G4F;CAMK1D;PLA2G4D;PRKCB;PLA2G4E;CACNA2D1;PLA2G4B;CACNA2D3;CACNA2D2;PLA2G4A;CACNA2D4;CACNB1;CACNB2;CACNB3;CACNB4;PLCB4;JMJD7-PLA2G4B;PPP1R12B;CAMK1G;CAMK2B;CAMK2A;ITPR1;CACNA1D;CACNA1C;ADCY1;CACNA1F;EGFR;PIK3R5;ADCY5;CAMKK2;CACNG6;TRPM2;CACNG8;PPP3R2;CACNA1S;CACNG2;CACNG3;KCNJ3;KCNJ4;KCNJ5;KCNJ6;KCNJ12;KCNJ9;GNAO1;CAMK4
KEGG_2021_Human	Cell adhesion molecules	55/148	2.562352105015793e-06	3.668822332181704e-05	0	0	2.291811901894924	29.506126975175288	CD86;CNTNAP2;CD80;ITGB2;ITGAL;SPN;CLDN23;MADCAM1;HLA-DOA;HLA-DPA1;ITGA4;CD8B2;PDCD1LG2;HLA-G;CLDN6;MAG;CLDN3;CLDN9;CLDN14;CLDN7;CLDN16;HLA-DQB1;SELPLG;NRXN1;NRXN3;VTCN1;HLA-DMA;HLA-DMB;CD58;ICOS;HLA-DQA2;CD99;HLA-DQA1;CD276;NTNG2;CADM3;HLA-DRB5;VCAM1;NEGR1;L1CAM;SELE;CD2;CD4;PTPRC;CD40LG;SELL;CD28;HLA-DPB1;CNTN2;HLA-DRA;SDC1;PDCD1;SIGLEC1;CD22;HLA-DRB1
KEGG_2021_Human	Allograft rejection	21/38	2.775344485917827e-06	3.740549557729582e-05	0	0	4.770293114810464	61.0346395172664	CD86;IL10;HLA-DRB5;CD80;PRF1;GZMB;FASLG;TNF;HLA-G;HLA-DMA;HLA-DMB;CD40LG;CD28;HLA-DPB1;HLA-DRA;HLA-DOA;HLA-DQA2;HLA-DQA1;HLA-DRB1;HLA-DPA1;HLA-DQB1
KEGG_2021_Human	Phagosome	56/152	2.84994252017492e-06	3.740549557729582e-05	0	0	2.2606853352984526	28.86490902107594	CLEC4M;NCF1;NCF2;ITGB3;NCF4;ITGB2;MPO;CTSS;FCAR;TUBB8;MRC2;TUBA1C;FCGR3A;SEC61G;MRC1;OLR1;NOS1;HLA-DOA;HLA-DPA1;ATP6V1G2;SFTPD;CYBB;HLA-G;TUBA4A;ITGA5;TLR6;RAB7B;ATP6V0D2;ATP6V1B1;HLA-DQB1;TLR2;SFTPA2;C1R;THBS1;C3;TUBA3E;HLA-DMA;TUBA3D;HLA-DMB;ATP6V0A4;CD14;FCGR1A;HLA-DQA2;HLA-DQA1;DYNC1I1;MSR1;HLA-DRB5;TUBB4A;MARCO;FCGR2A;HLA-DPB1;HLA-DRA;SFTPA1;FCGR2B;HLA-DRB1;TUBA8
KEGG_2021_Human	Dopaminergic synapse	50/132	3.824529082730275e-06	4.6674553261741726e-05	0	0	2.361701873089371	29.46004679770454	CALML5;CALML6;CALML3;ARRB1;SLC6A3;PPP3CA;GNGT2;CREB3L3;KIF5C;KIF5A;SLC18A1;SLC18A2;SCN1A;PRKCG;PRKCB;PLCB4;CAMK2B;GRIA2;DDC;CAMK2A;CACNA1B;ITPR1;CACNA1A;CACNA1D;CACNA1C;ADCY5;GRIN2A;GNG3;GNG5;GNG7;GNG8;DRD1;DRD2;DRD4;DRD5;KCNJ3;KCNJ5;KCNJ6;KCNJ9;GRIN2B;GNG13;GNAO1;MAPK11;GNAL;CALY;TH;PPP2R2C;PPP1R1B;GNB4;GNB3
KEGG_2021_Human	Synaptic vesicle cycle	34/78	3.852502808905666e-06	4.6674553261741726e-05	0	0	2.988394820425116	37.25568331378885	SNAP25;RAB3A;STXBP1;CACNA1B;SLC1A2;CACNA1A;SLC6A1;CPLX2;SLC1A6;SLC6A2;CPLX1;SLC1A7;SLC6A3;CPLX3;RIMS1;ATP6V0A4;SLC17A7;SLC18A1;SLC18A2;UNC13C;ATP6V1G2;UNC13A;SLC32A1;SYT1;SLC6A13;SLC6A12;DNM1;DNM3;SLC6A5;STX1B;SLC6A7;ATP6V0D2;STX1A;ATP6V1B1
KEGG_2021_Human	Asthma	18/31	5.5808854243092855e-06	6.45242036010307e-05	0	0	5.344366025797031	64.64632319947575	IL10;HLA-DRB5;FCER1G;RNASE3;EPX;TNF;HLA-DMA;HLA-DMB;CD40LG;HLA-DPB1;FCER1A;HLA-DRA;HLA-DOA;HLA-DQA2;HLA-DQA1;HLA-DRB1;HLA-DPA1;HLA-DQB1
KEGG_2021_Human	Intestinal immune network for IgA production	24/48	5.735484764536062e-06	6.45242036010307e-05	0	0	3.8627833292712648	46.6193073254571	CD86;IL10;HLA-DRB5;TGFB1;TNFRSF13B;ITGA4;CD80;CXCR4;TNFSF13B;HLA-DMA;HLA-DMB;CD40LG;CD28;HLA-DPB1;HLA-DRA;MADCAM1;HLA-DOA;ICOS;HLA-DQA2;CCL28;HLA-DQA1;HLA-DRB1;HLA-DPA1;HLA-DQB1
KEGG_2021_Human	Cholinergic synapse	44/113	6.223062773449057e-06	6.605775220655364e-05	0	0	2.468261827939814	29.587667561607702	CHRM2;CAMK2B;ACHE;CHRM1;CHRNA4;CHRM4;CHRM5;CAMK2A;CACNA1B;ITPR1;CACNA1A;CACNA1D;CACNA1C;ADCY1;CACNA1F;PIK3CG;PIK3R5;ADCY5;GNG3;GNGT2;CREB3L3;GNG5;GNG7;GNG8;CACNA1S;KCNJ3;CHRNB2;PRKCG;KCNJ4;KCNJ6;PRKCB;KCNJ12;GNG13;GNAO1;SLC5A7;PLCB4;KCNQ1;CAMK4;KCNQ2;KCNQ3;GNB4;KCNQ4;GNB3;KCNQ5
KEGG_2021_Human	Taste transduction	36/86	6.291214495862252e-06	6.605775220655364e-05	0	0	2.784786115864092	33.35159108342532	KCNK5;HCN4;TAS2R8;TAS2R20;PDE1B;PDE1A;CACNA1A;CACNA1C;GRM1;CALHM1;GRM4;SCN9A;TAS1R1;TAS2R3;ASIC2;TAS2R4;GABRA2;GABBR2;GABRA1;GABBR1;GABRA6;HTR1E;GABRA5;GABRA4;GABRA3;TAS2R13;HTR1A;HTR1B;HTR3A;GNG13;PLCB4;P2RX3;P2RX2;SCNN1B;GNB3;SCN2A
KEGG_2021_Human	Rheumatoid arthritis	38/93	6.99958436728488e-06	7.112480889337862e-05	0	0	2.67273171924676	31.724416208778468	CD86;CXCL8;CD80;CCL3L3;ITGB2;CXCL3;ITGAL;TNF;TNFSF13B;HLA-DMA;HLA-DMB;CTSK;CCL5;CCL3;ACP5;TNFSF11;CCL2;ATP6V0A4;HLA-DOA;HLA-DQA2;HLA-DQA1;HLA-DPA1;HLA-DRB5;ATP6V1G2;TGFB1;MMP1;CCL20;IL18;IL1A;IL1B;CD28;HLA-DPB1;HLA-DRA;ATP6V0D2;HLA-DRB1;ATP6V1B1;HLA-DQB1;TLR2
KEGG_2021_Human	ECM-receptor interaction	36/88	1.1703927905304008e-05	0.00011521054031783632	0	0	2.677340503544366	30.402770484123664	ITGB3;ITGA2B;LAMA3;TNC;DMP1;HMMR;THBS1;VTN;RELN;SV2C;IBSP;SV2B;TNN;CHAD;SPP1;TNR;ITGA4;GP1BB;LAMB4;FN1;GP6;HSPG2;COL1A1;COL1A2;FRAS1;COL4A2;COL4A1;COL4A3;COL4A6;COL9A1;COL6A3;SDC1;COL6A6;ITGA5;CD44;FREM2
KEGG_2021_Human	Chemokine signaling pathway	65/192	1.2770714072326046e-05	0.00012190227069038496	0	0	1.9839922151533127	22.356330525081923	ITK;CXCL9;CXCL8;NCF1;CCL4L2;ARRB1;CXCL13;CXCL3;PIK3CG;CXCL16;GNGT2;RAC2;CCR5;CCR4;CCR3;CCR2;PRKCB;VAV1;HCK;PLCB4;XCL2;DOCK2;CCL14;CX3CR1;CCL13;CCL3L3;CXCR4;ADCY1;CXCR6;PRKCZ;PIK3R5;ADCY5;GRK3;GNG3;CCL8;CCL7;GNG5;CCL5;CXCR3;GNG7;CCL4;CXCR2;CCL3;CCL2;GNG8;PTK2B;CCL18;CCL17;CCR1;LYN;CCL24;CCL23;XCR1;CCL22;CCL21;CCL20;PPBP;GNG13;CXCL10;CXCL11;GNB4;GNB3;CCL28;CCL26;PF4
KEGG_2021_Human	Pancreatic secretion	40/102	1.322201171212356e-05	0.00012249804968585064	0	0	2.495875987592445	28.03774128866615	CELA3A;RYR2;PRSS1;CPB1;AMY2A;AMY2B;SCT;ITPR1;ATP1A4;PLA2G3;ATP1A3;ADCY1;ADCY5;CLCA2;CLCA1;PRSS3;PRSS2;CLCA4;PRKCG;CPA1;CELA2A;PLA2G2D;CELA2B;PRKCB;CTRB2;CTRB1;PLA2G2A;ATP2B3;ATP2B2;CCK;CEL;ATP1B1;BST1;PLCB4;KCNQ1;PLA2G10;KCNMA1;SLC26A3;CFTR;PNLIP
KEGG_2021_Human	Graft-versus-host disease	21/42	2.1889154980455268e-05	0.0001970023948240974	0	0	3.860691670725767	41.42336560001883	CD86;HLA-DRB5;CD80;PRF1;GZMB;FASLG;TNF;HLA-G;IL1A;HLA-DMA;HLA-DMB;IL1B;CD28;HLA-DPB1;HLA-DRA;HLA-DOA;HLA-DQA2;HLA-DQA1;HLA-DRB1;HLA-DPA1;HLA-DQB1
KEGG_2021_Human	Amphetamine addiction	29/69	4.449483813410248e-05	0.0003893298336733967	0	0	2.801104197169351	28.067448850342025	CAMK2B;GRIA2;DDC;CALML5;CALML6;CAMK2A;CALML3;CACNA1D;CACNA1C;SLC6A3;ADCY5;PPP3CA;GRIN2A;PPP3R2;CREB3L3;DRD1;SLC18A1;SLC18A2;PRKCG;PRKCB;GRIN2C;GRIN2B;GRIN1;GRIN3B;GRIN3A;TH;CAMK4;PPP1R1B;STX1A
KEGG_2021_Human	Leishmaniasis	31/77	6.656565829528731e-05	0.0005667076314328515	0	0	2.604009213654891	25.043594459710143	NCF1;NCF2;ITGB2;NCF4;TNF;C3;FCGR3A;HLA-DMA;HLA-DMB;HLA-DOA;FCGR1A;HLA-DQA2;HLA-DQA1;HLA-DPA1;IL10;HLA-DRB5;TGFB1;ITGA4;PRKCB;CYBB;IL1A;MAPK11;FCGR2A;CR1L;IL1B;EEF1A2;HLA-DPB1;HLA-DRA;HLA-DRB1;HLA-DQB1;TLR2
KEGG_2021_Human	Aldosterone synthesis and secretion	37/98	7.17276452542158e-05	0.0005945844277652099	0	0	2.344959717824361	22.377093073586234	CAMK2B;CALML5;KCNK9;CALML6;CAMK2A;ITPR1;ATP1A4;ATP1A3;CALML3;CACNA1D;CACNA1C;ADCY1;CACNA1F;CACNA1H;ADCY5;CACNA1I;CREB3L3;CYP11A1;CACNA1S;PRKCG;KCNJ5;CAMK1D;HSD3B2;PRKCB;PRKCE;PDE2A;ATP2B3;ATP2B2;ATP1B1;NR4A2;POMC;NR4A1;PLCB4;STAR;CAMK4;CAMK1G;KCNK3
KEGG_2021_Human	GnRH secretion	27/64	7.452996406839595e-05	0.000601972786706275	0	0	2.818536585365853	26.78824351219433	ITPR1;ARRB1;CACNA1D;CACNA1C;CACNA1F;CACNA1H;CACNA1I;SPP1;KCNN1;CACNA1S;CGA;KCNJ3;PRKCG;GABBR2;KCNJ5;TRPC5;GABBR1;KCNJ6;KCNJ11;PRKCB;KCNJ9;KISS1;PLCB4;GNRH2;GNRH1;HCN2;HCN1
KEGG_2021_Human	Cocaine addiction	22/49	0.00011244896071536806	0.0008855355656335235	0	0	3.1453241304642034	28.600467299960933	GRIA2;DDC;BDNF;GRIN2C;GRIN2B;SLC6A3;ADCY5;GRIN1;GRM3;GRM2;GRIN2A;GRIN3B;GRIN3A;CREB3L3;TH;DLG4;PPP1R1B;DRD1;DRD2;SLC18A1;SLC18A2;CDK5R1
KEGG_2021_Human	Hypertrophic cardiomyopathy	34/90	0.00013641576610161157	0.0010480723493172	0	0	2.3462444591811806	20.8811140208344	RYR2;ITGB3;ITGA2B;CACNA1D;CACNA1C;CACNA1F;TNF;PRKAG3;SLC8A2;TTN;CACNG6;CACNG8;SGCD;TNNI3;CACNA1S;CACNG2;CACNG3;MYBPC3;TGFB1;ITGA4;CACNA2D1;TNNC1;CACNA2D3;CACNA2D2;CACNA2D4;CACNB1;CACNB2;CACNB3;CACNB4;MYL2;TNNT2;MYL3;ITGA5;MYH6
KEGG_2021_Human	Adrenergic signaling in cardiomyocytes	50/150	0.0001863736086631765	0.0013978020649738	0	0	1.9343880304145205	16.612054832818547	RYR2;CALML5;CALML6;CALML3;ADRA1A;PIK3CG;SLC8A2;RPS6KA5;CREB3L3;SCN5A;SCN1B;CACNA2D1;TNNC1;CACNA2D3;CACNA2D2;CACNA2D4;ATP1B1;CACNB1;CACNB2;CACNB3;CACNB4;PLCB4;KCNQ1;MYL2;TNNT2;MYL3;MYH6;RAPGEF3;RAPGEF4;CAMK2B;CAMK2A;ATP1A4;ATP1A3;CACNA1D;CACNA1C;ADCY1;CACNA1F;PIK3R5;ADCY5;CACNG6;CACNG8;TNNI3;CACNA1S;CACNG2;CACNG3;ATP2B3;ATP2B2;MAPK11;PPP1R1A;PPP2R2C
KEGG_2021_Human	Dilated cardiomyopathy	35/96	0.0002466670015329591	0.0018069791972763	0	0	2.217120971748153	18.4186688477869	RYR2;ITGB3;ITGA2B;CACNA1D;ADCY1;CACNA1C;CACNA1F;TNF;SLC8A2;ADCY5;TTN;CACNG6;CACNG8;SGCD;TNNI3;CACNA1S;CACNG2;CACNG3;MYBPC3;TGFB1;ITGA4;CACNA2D1;TNNC1;CACNA2D3;CACNA2D2;CACNA2D4;CACNB1;CACNB2;CACNB3;CACNB4;MYL2;TNNT2;MYL3;ITGA5;MYH6
KEGG_2021_Human	Osteoclast differentiation	43/127	0.0003475465963276324	0.0024881176782546	0	0	1.979055897579404	15.762411978067924	LILRA6;CSF1R;SPI1;NCF1;NCF2;ITGB3;NCF4;SIRPG;TNFRSF11B;TREM2;LILRA1;LILRA2;TNF;SIRPB1;LILRA4;LILRA5;PPP3CA;FCGR3A;PPP3R2;SOCS1;CTSK;BLNK;TNFSF11;ACP5;FCGR1A;TGFB1;SYK;LILRB1;LILRB2;LILRB3;LILRB4;OSCAR;FOSL1;IL1A;MAPK11;TYROBP;FCGR2A;LCK;IL1B;CAMK4;BTK;LCP2;FCGR2B
KEGG_2021_Human	Platelet activation	42/124	0.0004009377448998231	0.0028065642142987	0	0	1.979944472639341	15.48654037822561	GUCY1B1;ITGB3;ITGA2B;ITPR1;ADCY1;PRKCZ;PIK3CG;PIK3R5;ADCY5;PTGS1;TBXA2R;PRKG2;LYN;FGB;P2RY12;FGA;PLA2G4F;FCER1G;PLA2G4D;SYK;GP1BB;PLA2G4E;PLA2G4B;F2R;FGG;PLA2G4A;GP6;F2;COL1A1;APBB1IP;VAMP8;MAPK11;COL3A1;COL1A2;PLCB4;FCGR2A;JMJD7-PLA2G4B;TBXAS1;BTK;LCP2;FERMT3;F2RL3
KEGG_2021_Human	Viral myocarditis	24/60	0.0004789330015807656	0.0032796499021291	0	0	2.573239093346332	19.66971056043441	CD86;HLA-DRB5;CD80;CAV1;ITGB2;PRF1;ITGAL;HLA-G;HLA-DMA;CASP8;SGCD;HLA-DMB;CD40LG;RAC2;CD28;HLA-DPB1;HLA-DRA;HLA-DOA;HLA-DQA2;MYH6;HLA-DQA1;HLA-DRB1;HLA-DPA1;HLA-DQB1
KEGG_2021_Human	Phospholipase D signaling pathway	48/148	0.0005029218568505752	0.0033706464874027	0	0	1.8561019857808287	14.097235189353922	PTGFR;DGKE;CXCL8;LPAR3;LPAR4;ADCY1;GRM1;PIK3CG;EGFR;PIK3R5;ADCY5;GRM3;GRM2;GRM5;GRM4;CYTH4;GRM7;PDGFD;PDGFC;CXCR2;FCER1A;PTK2B;PIP5K1B;PLA2G4F;FCER1G;PLA2G4D;SYK;PLA2G4E;EGF;PLA2G4B;F2R;AVPR2;PLA2G4A;AVPR1A;F2;DGKZ;DNM1;DNM3;PLCB4;LPAR5;DGKQ;JMJD7-PLA2G4B;KIT;AVP;DGKK;RAPGEF3;DGKH;RAPGEF4
KEGG_2021_Human	Insulin secretion	31/86	0.0006791413328934566	0.0044568649971133	0	0	2.17666015625	15.878042145814202	CAMK2B;RYR2;SNAP25;RAB3A;CAMK2A;ATP1A4;ATP1A3;CACNA1D;ADCY1;CACNA1C;CACNA1F;ADCY5;RIMS2;PCLO;CREB3L3;KCNMB1;KCNN1;FFAR1;CACNA1S;PRKCG;KCNJ11;ABCC8;PRKCB;PDX1;CCK;ATP1B1;ADCYAP1;PLCB4;KCNMA1;STX1A;RAPGEF4
KEGG_2021_Human	Maturity onset diabetes of the young	13/26	0.0008187628385270205	0.0052634753905308	0	0	3.855128828390861	27.401161204481244	PKLR;ONECUT1;HNF4G;PDX1;HNF1B;BHLHA15;HNF1A;NR5A2;RFX6;HNF4A;MNX1;FOXA3;FOXA2
KEGG_2021_Human	Cardiac muscle contraction	31/87	0.0008492938894287251	0.0053505515034009	0	0	2.1376560756138394	15.11559114607437	RYR2;ATP1A4;ATP1A3;CACNA1D;CACNA1C;CACNA1F;COX6A2;SLC8A2;CACNG6;CACNG8;TNNI3;CACNA1S;CACNG2;CACNG3;CACNA2D1;TNNC1;CACNA2D3;CACNA2D2;CACNA2D4;ATP1B1;COX6B2;TRDN;CACNB1;CACNB2;CACNB3;CACNB4;MYL2;TNNT2;MYL3;CASQ2;MYH6
KEGG_2021_Human	Tuberculosis	55/180	0.0010452637164712	0.0064560406017339	0	0	1.7016502946954812	11.679253085389474	IFNA6;CALML5;CLEC4M;CALML6;ITGB2;CALML3;LSP1;TNF;CTSS;MRC2;PPP3CA;FCGR3A;CASP8;MRC1;LBP;HLA-DOA;CAMP;HLA-DPA1;IL10;IFNA13;FCER1G;SYK;IL18;TLR1;IL1A;IL1B;TLR6;CLEC4E;ATP6V0D2;HLA-DQB1;TLR2;CAMK2B;CAMK2A;C3;CYP27B1;HLA-DMA;PPP3R2;HLA-DMB;ATP6V0A4;CD14;FCGR1A;HLA-DQA2;HLA-DQA1;IFNA21;CD74;HLA-DRB5;TGFB1;VDR;MAPK11;FCGR2A;CR1L;HLA-DPB1;HLA-DRA;FCGR2B;HLA-DRB1
KEGG_2021_Human	Type II diabetes mellitus	19/46	0.0011453741819405	0.0069383243713705	0	0	2.714432543546468	18.38220205686936	KCNJ11;PKLR;ABCC8;PRKCE;ADIPOQ;CACNA1B;IRS4;PDX1;CACNA1A;CACNA1D;CACNA1C;SLC2A4;CACNA1E;PRKCZ;TNF;HK2;SOCS2;HK3;SOCS1
KEGG_2021_Human	Malaria	20/50	0.0013802028672284	0.008203092512773	0	0	2.5717068419771123	16.93603914856955	IL10;GYPA;CXCL8;TGFB1;VCAM1;GYPC;KLRB1;ITGB2;IL18;ITGAL;TNF;THBS1;SELE;CD40LG;CR1L;IL1B;CCL2;SDC1;ACKR1;TLR2
KEGG_2021_Human	Retrograde endocannabinoid signaling	46/148	0.0017556912017657	0.0102415320103	0	0	1.7428110180607406	11.05794882308818	GABRB3;GRIA2;GABRB2;FAAH;CACNA1B;ITPR1;CACNA1A;CACNA1D;CACNA1C;ADCY1;CACNA1F;GRM1;ADCY5;GABRR3;RIMS1;GRM5;GNG3;GNGT2;GNG5;GNG7;GNG8;SLC17A7;CACNA1S;GABRD;KCNJ3;PRKCG;GABRA2;GABRA1;KCNJ5;KCNJ6;SLC32A1;GABRA6;PRKCB;GABRA5;KCNJ9;GABRA4;GABRA3;GABRG3;GABRG2;GABRG1;GNG13;GNAO1;MAPK11;PLCB4;GNB4;GNB3
KEGG_2021_Human	Renin secretion	25/69	0.0019859001194454	0.0113737915931875	0	0	2.192528035104827	13.641214418267468	PTGER4;GUCY1B1;CALML5;CALML6;PDE1B;PDE1A;ITPR1;CALML3;CACNA1D;CACNA1C;CACNA1F;AQP1;ADCY5;PPP3CA;EDNRA;PPP3R2;CLCA2;PRKG2;CLCA1;CACNA1S;CLCA4;ADCYAP1;PLCB4;KCNMA1;REN
KEGG_2021_Human	Arrhythmogenic right ventricular cardiomyopathy	27/77	0.002323281201409	0.0130197376199847	0	0	2.0840048780487805	12.639020229012177	RYR2;ITGB3;ITGA2B;CACNA1D;CACNA1C;CACNA1F;SLC8A2;CACNG6;CACNG8;SGCD;CTNNA3;CACNA1S;CACNG2;CACNG3;ACTN3;ITGA4;CACNA2D1;CACNA2D3;CACNA2D2;CACNA2D4;CACNB1;CACNB2;CACNB3;CACNB4;PKP2;DSG2;ITGA5
KEGG_2021_Human	ABC transporters	18/45	0.0023559525217115	0.0130197376199847	0	0	2.5709418349963493	15.556280990029943	ABCC3;ABCA2;ABCC4;ABCG8;ABCG5;ABCA5;ABCC8;ABCB4;ABCC5;ABCB5;ABCA9;ABCA7;ABCA12;ABCA13;ABCC12;ABCA10;ABCG4;CFTR
KEGG_2021_Human	Linoleic acid metabolism	13/29	0.0028670862086848	0.0151103160641297	0	0	3.131699684005833	18.334407473081924	PLA2G2D;PLA2G4F;PLA2G4D;PLA2G4E;PLA2G4B;ALOX15;PLA2G2A;PLA2G3;PLA2G4A;CYP2C8;JMJD7-PLA2G4B;PLA2G10;CYP2E1
KEGG_2021_Human	Salivary secretion	31/93	0.0028730141879576	0.0151103160641297	0	0	1.9300537109375	11.295433909541316	GUCY1B1;AMY2A;CALML5;AMY2B;CALML6;ATP1A4;ITPR1;ATP1A3;CALML3;LPO;ADCY1;ADRA1A;RYR3;ADCY5;PRB1;PRB2;MUC7;PRKG2;NOS1;CAMP;PRKCG;PRKCB;ATP2B3;ATP2B2;ATP1B1;LYZ;MUC5B;BST1;PLCB4;TRPV6;KCNMA1
KEGG_2021_Human	Long-term potentiation	24/67	0.0028781554407866	0.0151103160641297	0	0	2.153387481649842	12.598620992562664	PRKCG;CAMK2B;GRIA2;CALML5;CALML6;PRKCB;CAMK2A;ITPR1;CALML3;ADCY1;CACNA1C;GRIN2C;GRIN2B;GRM1;GRIN1;PPP3CA;GRM5;RPS6KA6;GRIN2A;PLCB4;PPP3R2;PPP1R1A;CAMK4;RAPGEF3
KEGG_2021_Human	Long-term depression	22/60	0.0030361323342521	0.0156783882834334	0	0	2.2332841848836464	12.946729936267248	RYR1;PRKCG;LYN;GRIA2;PPP1R17;PLA2G4F;GUCY1B1;PLA2G4D;PLA2G4E;PRKCB;PLA2G4B;ITPR1;PLA2G4A;CACNA1A;GRM1;CRHR1;GNAO1;PLCB4;JMJD7-PLA2G4B;CRH;PRKG2;NOS1
KEGG_2021_Human	Inflammatory mediator regulation of TRP channels	32/98	0.0035688498771948	0.0181320598599414	0	0	1.871550671550672	10.547146077883252	CAMK2B;PTGER4;CALML5;CALML6;CAMK2A;ITPR1;HTR2C;CALML3;IL1RAP;HTR2A;ADCY1;KNG1;ADCY5;HRH1;TRPM8;ASIC2;ASIC3;PRKCG;PLA2G4F;PLA2G4D;PRKCB;PLA2G4E;PRKCE;PLA2G4B;TRPV3;PLA2G4A;MAPK11;PLCB4;TRPV4;IL1B;JMJD7-PLA2G4B;F2RL1
KEGG_2021_Human	Arachidonic acid metabolism	22/61	0.0038381894844745	0.0191909474223726	0	0	2.1758830694275275	12.103903362012378	GPX2;PLA2G4F;PLA2G2D;PLA2G4D;PLA2G4E;PLA2G4B;ALOX15;PLA2G2A;GPX8;GPX7;PLA2G4A;PLA2G3;ALOX12B;ALOX15B;PTGS1;HPGDS;CYP2C8;JMJD7-PLA2G4B;PLA2G10;TBXAS1;CYP2E1;PTGDS
KEGG_2021_Human	Gastric acid secretion	26/76	0.0040688849792273	0.0200265432571343	0	0	2.0063301633747868	11.04361622029646	CAMK2B;CALML5;CALML6;CAMK2A;ATP1A4;ITPR1;ATP1A3;CALML3;ADCY1;ADCY5;KCNJ1;PRKCG;KCNK10;PRKCB;KCNJ15;ATP1B1;SSTR2;ATP4B;ATP4A;SLC9A4;PLCB4;CCKBR;SST;KCNQ1;SLC26A7;CFTR
KEGG_2021_Human	MAPK signaling pathway	79/294	0.0058546006108079	0.0283722952677614	0	0	1.4212956154058278	7.306209193231652	PTPRR;FLT3;RASGRF2;RASGRF1;ARRB1;FASLG;IL1RAP;AREG;TNF;FGF5;PPP3CA;RPS6KA6;RPS6KA5;FGF8;FGF9;MYC;RAC2;PRKCG;DUSP2;PLA2G4F;PLA2G4D;PRKCB;PLA2G4E;CACNA2D1;PLA2G4B;CACNA2D3;CACNA2D2;PLA2G4A;CACNA2D4;MAPK8IP2;DUSP8;MAPK8IP3;DUSP9;PGF;CACNB1;IL1A;CACNB2;CACNB3;CACNB4;IL1B;JMJD7-PLA2G4B;KIT;TP53;CSF1R;CACNA1B;CACNA1A;CACNA1D;CACNA1C;CACNA1F;CACNA1E;EFNA4;EGFR;CACNA1H;RASGRP4;CACNG6;CACNA1I;CACNG8;PPP3R2;ERBB4;PDGFD;PDGFC;NTF3;CD14;CACNA1S;CACNG2;CACNG3;FGF22;NGFR;TGFB1;ANGPT2;BDNF;EGF;VEGFD;FGF17;NR4A1;MAPK11;PTPN7;FGFR3;PTPN5
KEGG_2021_Human	Primary immunodeficiency	15/38	0.0061309644585246	0.0292614212793219	0	0	2.5138512941972597	12.80657209565666	TNFRSF13B;AIRE;CD8B2;CD3E;CD3D;CD4;CD40LG;PTPRC;IGLL1;LCK;CD19;BLNK;BTK;ICOS;IL7R
KEGG_2021_Human	Phototransduction	12/28	0.006417441179288	0.0301715518130708	0	0	2.890097205346294	14.59133725771451	RCVRN;CALML5;GNAT2;CALML6;PDE6G;CNGA1;SAG;GUCA1A;CALML3;GUCA1C;GUCY2F;CNGB1
KEGG_2021_Human	Thyroid hormone synthesis	25/75	0.0069694827776595	0.031852051348484	0	0	1.9286933203315453	9.578304278116637	ATP1A4;ITPR1;ATP1A3;ADCY1;LRP2;ADCY5;SLC5A5;DUOX1;TPO;TTR;CREB3L3;IYD;CGA;DUOX2;PRKCG;GPX2;PRKCB;GPX8;GPX7;ATP1B1;TSHR;PDIA4;PLCB4;TG;ALB
KEGG_2021_Human	Amoebiasis	32/102	0.0069771160096679	0.031852051348484	0	0	1.7641583813012385	8.759257403642318	CXCL8;SERPINB13;ITGB2;LAMA3;CD1E;CD1D;ADCY1;CD1C;CXCL3;TNF;CD1A;MUC2;CD14;PRKCG;IL10;TGFB1;PRKCB;IL1R2;LAMB4;FN1;COL1A1;COL3A1;COL1A2;GNAL;PLCB4;COL4A2;COL4A1;IL1B;COL4A3;COL4A6;RAB7B;TLR2
KEGG_2021_Human	Pertussis	25/76	0.0083913463406971	0.0373652108620256	0	0	1.8907563025210083	9.038863175458877	C1QB;C1QA;CXCL8;CALML5;C1S;SFTPA2;CALML6;C1R;ITGB2;LY96;CALML3;TNF;C2;PYCARD;C3;CASP1;CD14;IL10;IL1A;MAPK11;IL1B;IRF8;ITGA5;SFTPA1;C1QC
KEGG_2021_Human	PI3K-Akt signaling pathway	92/354	0.0084219999085835	0.0373652108620256	0	0	1.358544037382824	6.48963982631617	CHRM2;IFNA6;CHRM1;FLT3;ITGB3;ITGA2B;TNC;FASLG;PRL;AREG;PIK3CG;GYS2;FGF5;TCL1A;GNGT2;FGF8;CREB3L3;FGF9;IBSP;TNN;MYC;TNR;IFNA13;SYK;ITGA4;F2R;PRLR;PGF;COL4A2;COL4A1;EIF4E1B;KIT;COL4A3;COL4A6;COL6A3;COL6A6;ITGA5;TP53;SGK2;TLR2;CSF1R;LAMA3;LPAR3;LPAR4;EFNA4;THBS1;EGFR;PIK3R5;VTN;GNG3;RELN;GNG5;ERBB4;CD19;PDGFD;GNG7;PDGFC;NTF3;CHAD;SPP1;EIF4EBP1;GNG8;PCK1;FGF22;IFNA21;NGFR;ANGPT2;BDNF;EGF;LAMB4;FN1;OSM;VEGFD;GNG13;COL1A1;FGF17;GH1;NR4A1;COL1A2;LPAR5;PPP2R2C;CDK4;IL7;IL2RA;CDK2;IL2RB;COL9A1;GNB4;GNB3;IL7R;PIK3AP1;FGFR3
KEGG_2021_Human	Inflammatory bowel disease	22/65	0.0090074147437762	0.0394074395040212	0	0	1.972976800838456	9.29214300569723	IL10;HLA-DRB5;TGFB1;RORC;IL18;GATA3;TNF;IL1A;HLA-DMA;HLA-DMB;IL1B;STAT4;HLA-DPB1;HLA-DRA;HLA-DOA;IL12RB1;HLA-DQA2;HLA-DQA1;HLA-DRB1;HLA-DPA1;HLA-DQB1;TLR2
KEGG_2021_Human	Tyrosine metabolism	14/36	0.009281494159621	0.0400502830175431	0	0	2.452467785071724	11.476893779170364	PNMT;DDC;AOC2;GOT1;ADH1B;DBH;ADH7;ADH6;ALDH3B2;IL4I1;TPO;TH;ALDH3B1;HPD
KEGG_2021_Human	Vascular smooth muscle contraction	39/133	0.0108091608077868	0.0460119683034171	0	0	1.601420348086772	7.250208479248653	CALCA;GUCY1B1;CALCRL;CALML5;CALML6;ITPR1;PLA2G3;CALML3;CACNA1D;CACNA1C;ADCY1;CACNA1F;ADRA1A;ADCY5;NPPC;EDNRA;KCNMB1;MYH14;MYH11;CACNA1S;PRKCG;PLA2G4F;PLA2G2D;PLA2G4D;PRKCB;PLA2G4E;PRKCE;PLA2G4B;PLA2G2A;IRAG1;PLA2G4A;AVPR1A;PLCB4;ADORA2A;JMJD7-PLA2G4B;PLA2G10;KCNMA1;AVP;PPP1R12B
KEGG_2021_Human	Phenylalanine metabolism	8/17	0.0131853664572865	0.0553785391206033	0	0	3.4234846645625963	14.81905890306462	ALDH3B2;IL4I1;DDC;AOC2;GOT1;ALDH3B1;PAH;HPD
KEGG_2021_Human	Mineral absorption	20/60	0.0148150400233598	0.0614044422020837	0	0	1.927562697832968	8.119110734413695	SLC34A3;SLC34A2;VDR;SLC40A1;ATP1A4;ATP1A3;ATP2B3;ATP2B2;ATP1B1;SLC8A2;SLC9A3;TF;ATP7B;TRPV6;HMOX1;SLC26A9;STEAP1;STEAP2;TRPM6;SLC26A3
KEGG_2021_Human	Cell cycle	36/124	0.0162781157297856	0.0665922916218505	0	0	1.5784649230017112	6.500013847849571	PCNA;BUB1B;TTK;PKMYT1;CDC20;CCNB2;CCNB1;CDC45;PTTG1;ORC1;PTTG2;CHEK2;MYC;CHEK1;E2F2;SFN;BUB1;CDKN2D;TGFB1;CDKN2C;CDKN2A;CDC6;CDC25C;CDC25A;CCNA2;CCNA1;WEE1;DBF4;ESPL1;CDK4;CDK2;CDK1;MCM5;TP53;MCM2;MAD2L1
KEGG_2021_Human	Gap junction	27/88	0.0168830279242114	0.0681814589246999	0	0	1.7070131947221112	6.967082903594548	GUCY1B1;ITPR1;HTR2C;HTR2A;ADCY1;GRM1;EGFR;ADCY5;TUBB8;TUBA1C;TUBA3E;GRM5;TUBA3D;PDGFD;PDGFC;PRKG2;DRD1;DRD2;PRKCG;PRKCB;EGF;TUBB4A;TUBA4A;GJD2;PLCB4;CDK1;TUBA8
KEGG_2021_Human	Caffeine metabolism	4/6	0.0189726467766327	0.0756504270207507	0	0	7.698763036623817	30.52372449015342	CYP2A7;CYP2A6;NAT1;NAT2
KEGG_2021_Human	GnRH signaling pathway	28/93	0.0195875710102219	0.0771260608527488	0	0	1.661283239814589	6.533594478996138	CAMK2B;CALML5;CALML6;CAMK2A;ITPR1;CALML3;CACNA1D;ADCY1;CACNA1C;CACNA1F;EGFR;ADCY5;PTK2B;CACNA1S;CGA;PLA2G4F;PLA2G4D;PLA2G4E;PRKCB;MMP2;PLA2G4B;PLA2G4A;MAPK11;MMP14;PLCB4;JMJD7-PLA2G4B;GNRH2;GNRH1
KEGG_2021_Human	Influenza A	47/172	0.0211286467709807	0.0819134854360412	0	0	1.451286274509804	5.597793286218748	TPSD1;PRSS1;CXCL8;IFNA6;NXT1;TMPRSS4;TMPRSS2;FASLG;PLG;TNF;PABPN1L;PYCARD;IFIH1;HLA-DMA;NXF2;CASP8;HLA-DMB;CCL5;CASP1;KPNA7;CCL2;HLA-DOA;PRSS3;PRSS2;HLA-DQA2;HLA-DQA1;IFNA21;HLA-DPA1;IFNA13;HLA-DRB5;PRKCB;IL18;CXCL10;IL1A;OAS1;CDK4;OAS2;IL1B;NXF2B;HLA-DPB1;HLA-DRA;TLR7;CPSF4L;SLC25A31;HLA-DRB1;TLR3;HLA-DQB1
KEGG_2021_Human	alpha-Linolenic acid metabolism	10/25	0.0213235104944615	0.0819134854360412	0	0	2.567889239737673	9.881096652790385	PLA2G2D;PLA2G4F;PLA2G4D;PLA2G4E;PLA2G4B;JMJD7-PLA2G4B;PLA2G2A;PLA2G10;PLA2G3;PLA2G4A
KEGG_2021_Human	African trypanosomiasis	13/37	0.0291872449046954	0.1107708692166151	0	0	2.086746475449684	7.37461104829405	IL10;PRKCG;VCAM1;PRKCB;IL18;FASLG;TNF;SELE;KNG1;PLCB4;IL1B;F2RL1;IDO1
KEGG_2021_Human	Rap1 signaling pathway	55/210	0.030333724838423	0.1137514681440862	0	0	1.369684390645795	4.787725150635697	CALML5;CALML6;ITGB3;ITGA2B;ITGB2;CALML3;ITGAL;FGF5;FGF8;FGF9;RAC2;PRKCG;PRKCB;F2R;VAV1;PGF;APBB1IP;PLCB4;ADORA2A;KIT;PFN4;LCP2;RAPGEF5;RAPGEF3;RAPGEF4;CSF1R;RGS14;FPR1;LPAR3;LPAR4;ADCY1;PRKCZ;EFNA4;THBS1;EGFR;RAP1GAP;ADCY5;GRIN2A;PDGFD;PDGFC;DRD2;FGF22;NGFR;FYB1;ANGPT2;EGF;VEGFD;GRIN2B;GRIN1;FGF17;GNAO1;MAPK11;LPAR5;FGFR3;F2RL3
KEGG_2021_Human	Bladder cancer	14/41	0.0308797798146003	0.1144368310776367	0	0	1.997676743118027	6.947227885559421	CXCL8;CDKN2A;EGF;MMP1;MMP2;THBS1;MMP9;EGFR;RPS6KA5;CDK4;MYC;E2F2;FGFR3;TP53
KEGG_2021_Human	Cushing syndrome	42/155	0.0319170774345675	0.116905574324288	0	0	1.433953271736658	4.939415615058722	CAMK2B;CAMK2A;ITPR1;WNT8A;KCNA4;WNT8B;CACNA1D;CACNA1C;ADCY1;CACNA1F;CACNA1H;CRHR1;EGFR;CRHR2;ADCY5;CYP17A1;CACNA1I;PDE11A;WNT11;CREB3L3;CYP11A1;E2F2;CACNA1S;WNT1;WNT10B;FZD2;CDKN2C;HSD3B2;CDKN2A;WNT7B;WNT5A;FZD9;POMC;NR4A1;PLCB4;STAR;CDK4;CYP11B1;CDK2;CRH;AIPL1;KCNK3
KEGG_2021_Human	Proximal tubule bicarbonate reclamation	9/23	0.0329035001443451	0.1191333625915945	0	0	2.475733712620551	8.4525912169667	SLC9A3;GLS2;CA4;ATP1A4;ATP1A3;ATP1B1;PCK1;AQP1;GLS
KEGG_2021_Human	B cell receptor signaling pathway	24/81	0.0349252778969182	0.1242406885278114	0	0	1.623048603717434	5.444588631970941	LILRA6;LYN;CR2;SYK;PRKCB;DAPP1;LILRB1;LILRA1;LILRB2;LILRA2;LILRB3;LILRB4;VAV1;LILRA4;LILRA5;PPP3CA;PPP3R2;CD19;BLNK;RAC2;BTK;FCGR2B;PIK3AP1;CD22
KEGG_2021_Human	Cortisol synthesis and secretion	20/65	0.0351813138199431	0.1242406885278114	0	0	1.7128479831182537	5.733313616539758	HSD3B2;ITPR1;KCNA4;CACNA1D;ADCY1;CACNA1C;CACNA1F;CACNA1H;ADCY5;CYP17A1;POMC;CACNA1I;NR4A1;PLCB4;CREB3L3;STAR;CYP11A1;CYP11B1;CACNA1S;KCNK3
KEGG_2021_Human	Leukocyte transendothelial migration	32/114	0.0354973395793747	0.1242406885278114	0	0	1.5048452902111438	5.023621310430796	ITK;NCF1;NCF2;NCF4;ITGB2;CXCR4;ITGAL;CLDN23;RAC2;PTK2B;CTNNA3;CD99;PRKCG;VCAM1;ITGA4;PRKCB;MMP2;CYBB;RHOH;MMP9;VAV1;CLDN6;MAPK11;CLDN3;MYL7;CLDN9;CLDN14;MYL2;CLDN7;CLDN16;RAPGEF3;RAPGEF4
KEGG_2021_Human	Ras signaling pathway	59/232	0.0439686915280906	0.152199316828006	0	0	1.316208274364702	4.112199837050163	CALML5;CALML6;FLT3;RASGRF2;RASGRF1;CALML3;FASLG;FGF5;GNGT2;FGF8;FGF9;RAC2;PRKCG;PLA2G4F;PLA2G4D;PRKCB;PLA2G4E;PLA2G4B;PLA2G4A;KSR2;PGF;JMJD7-PLA2G4B;KIT;PLA2G10;RAPGEF5;PLA1A;CSF1R;PLA2G3;RASAL1;FOXO4;EFNA4;EGFR;RASGRP4;GRIN2A;GNG3;GNG5;PDGFD;GNG7;PDGFC;NTF3;PAK6;GNG8;PAK3;PAK5;FGF22;NGFR;PLA2G2D;ANGPT2;BDNF;EGF;PLA2G2A;VEGFD;GRIN2B;GNG13;GRIN1;FGF17;GNB4;GNB3;FGFR3
KEGG_2021_Human	Toll-like receptor signaling pathway	29/104	0.0472363706324243	0.1600608062568257	0	0	1.4906198145436798	4.550252807497452	CD86;CXCL9;CXCL8;IFNA6;CCL4L2;CD80;CCL3L3;LY96;TNF;CASP8;CTSK;CCL5;CCL4;CCL3;SPP1;CD14;LBP;IFNA21;IFNA13;TLR1;CXCL10;MAPK11;CXCL11;IL1B;TLR8;TLR7;TLR6;TLR3;TLR2
KEGG_2021_Human	Ovarian steroidogenesis	16/51	0.047256047561539	0.1600608062568257	0	0	1.7611842791117909	5.375441997495953	LHCGR;PLA2G4F;PLA2G4D;HSD3B2;PLA2G4E;PLA2G4B;PLA2G4A;ADCY1;CYP19A1;ADCY5;CYP17A1;STAR;CYP11A1;JMJD7-PLA2G4B;CYP1A1;CGA
KEGG_2021_Human	Th1 and Th2 cell differentiation	26/92	0.0500394489988504	0.1676853876025307	0	0	1.5184101438673494	4.547552749623459	CD3G;GATA3;CD3E;CD3D;PPP3CA;HLA-DMA;HLA-DMB;PPP3R2;STAT4;HLA-DOA;IL12RB1;HLA-DQA2;HLA-DQA1;HLA-DPA1;JAG2;HLA-DRB5;RUNX3;MAPK11;CD4;LCK;IL2RA;IL2RB;HLA-DPB1;HLA-DRA;HLA-DRB1;HLA-DQB1
KEGG_2021_Human	Fc gamma R-mediated phagocytosis	27/97	0.0551306017870242	0.1828014690832909	0	0	1.4866933797909407	4.308512240891385	NCF1;ARPC1B;ACTR3C;FCGR3A;SCIN;RAC2;PIP5K1B;FCGR1A;WASF1;PRKCG;LYN;PLA2G4F;PLA2G4D;SYK;PRKCB;PLA2G4E;PRKCE;PLA2G4B;PLA2G4A;VAV1;HCK;PTPRC;FCGR2A;BIN1;JMJD7-PLA2G4B;AMPH;FCGR2B
KEGG_2021_Human	Chagas disease	28/102	0.0602455867885847	0.1976808316500438	0	0	1.4584044888997316	4.097133587370305	C1QB;C1QA;CXCL8;CCL3L3;SERPINE1;CD3G;FASLG;ADCY1;CD3E;TNF;CD3D;KNG1;C3;CASP8;CCL5;CCL3;CCL2;IL10;TGFB1;GNAO1;MAPK11;GNAL;PLCB4;PPP2R2C;IL1B;TLR6;TLR2;C1QC
KEGG_2021_Human	Alanine, aspartate and glutamate metabolism	12/37	0.0633094954969055	0.2055926915621158	0	0	1.8486123936816523	5.101652508635319	IL4I1;GOT1;GLS2;GAD1;GAD2;GPT;RIMKLA;AGXT;NAT8L;ASPA;ASRGL1;GLS
KEGG_2021_Human	cGMP-PKG signaling pathway	43/167	0.0640692402331689	0.2059089354111846	0	0	1.3372543521531706	3.67449534222308	GUCY1B1;CALML5;CALML6;IRS4;ITPR1;ATP1A4;ATP1A3;CALML3;CACNA1D;GATA4;CACNA1C;ADCY1;CACNA1F;ADRA1A;KNG1;PIK3CG;SLC8A2;PIK3R5;ADCY5;NPPC;PPP3CA;EDNRA;PPP3R2;CREB3L3;ADORA3;KCNMB1;CNGA1;PRKG2;CACNA1S;PRKCE;PDE2A;IRAG1;ATP2B3;ATP2B2;ATP1B1;ADRA2C;ADRA2B;ADRA2A;PLCB4;KCNMA1;SLC25A31;MYH6;CNGB1
KEGG_2021_Human	Endocrine and other factor-regulated calcium reabsorption	16/53	0.0649700868032131	0.2059089354111846	0	0	1.665774750668937	4.553942184854599	PRKCG;PRKCB;VDR;ATP1A4;ATP1A3;ATP2B3;ATP2B2;PTH1R;KLK2;ATP1B1;DNM1;SLC8A2;DNM3;CALB1;PLCB4;TRPV5
KEGG_2021_Human	Th17 cell differentiation	29/107	0.0653679160035506	0.2059089354111846	0	0	1.4330161054172768	3.9088720245808894	RORC;CD3G;IL1RAP;GATA3;CD3E;CD3D;PPP3CA;HLA-DMA;PPP3R2;HLA-DMB;HLA-DOA;IL12RB1;HLA-DQA2;RXRG;HLA-DQA1;HLA-DPA1;HLA-DRB5;TGFB1;RUNX1;MAPK11;CD4;LCK;IL1B;IL2RA;IL2RB;HLA-DPB1;HLA-DRA;HLA-DRB1;HLA-DQB1
KEGG_2021_Human	Relaxin signaling pathway	34/129	0.0695400135414348	0.2168822204510097	0	0	1.3796391785718878	3.677915184718416	ARRB1;ADCY1;RXFP1;PRKCZ;RXFP2;EGFR;ADCY5;GNG3;GNGT2;CREB3L3;GNG5;GNG7;GNG8;NOS1;INSL3;TGFB1;MMP1;MMP2;VEGFD;MMP9;GNG13;COL1A1;GNAO1;MAPK11;COL3A1;COL1A2;MMP13;PLCB4;COL4A2;COL4A1;COL4A3;COL4A6;GNB4;GNB3
KEGG_2021_Human	beta-Alanine metabolism	10/30	0.072922880524963	0.2252030133859151	0	0	1.9253096915229533	5.04114007444932	ALDH3B2;AOC2;DPYS;ALDH3B1;GAD1;CARNS1;DPYD;GAD2;UPB1;CNDP1
KEGG_2021_Human	NF-kappa B signaling pathway	28/104	0.07430678106354	0.2272488935438359	0	0	1.4198456619714692	3.690964143010324	CCL13;CXCL8;BCL2A1;CCL4L2;LY96;CXCL3;TNF;EDA2R;TNFSF13B;PLAU;CCL4;BLNK;TNFSF11;CD14;LBP;LYN;EDARADD;VCAM1;TNFSF14;SYK;CCL21;PRKCB;CSNK2A3;CD40LG;LCK;IL1B;BTK;CARD14
KEGG_2021_Human	AGE-RAGE signaling pathway in diabetic complications	27/100	0.0762772216923789	0.2310319695490323	0	0	1.425325760106916	3.667906117845268	CXCL8;SERPINE1;TNF;PRKCZ;CCL2;TGFB1;VCAM1;PRKCB;PRKCE;MMP2;FN1;CYBB;VEGFD;SELE;COL1A1;IL1A;MAPK11;COL3A1;COL1A2;PLCB4;COL4A2;COL4A1;CDK4;IL1B;COL4A3;COL4A6;NOX4
KEGG_2021_Human	Human T-cell leukemia virus 1 infection	54/219	0.0835350253504693	0.250605076051408	0	0	1.2621654799901791	3.133312260789113	SPI1;CRTC1;ITGB2;BUB1B;CD3G;CD3E;ITGAL;CD3D;TNF;CDC20;PPP3CA;CREB3L3;PTTG1;PTTG2;CHEK2;MYC;CHEK1;HLA-DOA;HLA-DPA1;MMP7;IL1R2;HLA-G;CCNA2;CCNA1;ESPL1;LCK;TP53;HLA-DQB1;ADCY1;ADCY5;CCNB2;HLA-DMA;PPP3R2;HLA-DMB;TERT;E2F2;HLA-DQA2;HLA-DQA1;EGR2;HLA-DRB5;CDKN2C;TGFB1;CDKN2A;FOSL1;CD4;CDK4;IL2RA;CDK2;IL2RB;HLA-DPB1;HLA-DRA;SLC25A31;HLA-DRB1;MAD2L1
KEGG_2021_Human	Bile secretion	24/90	0.1014983791998525	0.2972373506473616	0	0	1.4009261515963929	3.2049161972798363	ABCC3;ABCC4;ABCG8;ABCG5;SCT;SLC10A1;AQP8;ABCB4;AQP9;ATP1A4;NR1H4;UGT2B17;ATP1A3;ADCY1;ATP1B1;BAAT;SLC4A5;AQP1;ADCY5;SLC9A3;SLCO1A2;SLC22A8;SLC22A7;CFTR
KEGG_2021_Human	Oocyte meiosis	33/129	0.1016738194695166	0.2972373506473616	0	0	1.324705361504641	3.02825716614584	CAMK2B;CALML5;CALML6;CAMK2A;ITPR1;CALML3;ADCY1;FBXO43;PKMYT1;ADCY5;AURKA;CDC20;CCNB2;PPP3CA;RPS6KA6;CCNB1;PPP3R2;PTTG1;PTTG2;FBXO5;BUB1;CDC25C;SGO1;MOS;AR;MAPK11;CPEB1;ESPL1;CDK2;CDK1;PGR;CPEB3;MAD2L1
KEGG_2021_Human	p53 signaling pathway	20/73	0.1019099487933811	0.2972373506473616	0	0	1.4535698370476544	3.3194675948436982	STEAP3;RRM2;CDKN2A;IGFBP3;SERPINE1;THBS1;SERPINB5;CCNB2;CCNB1;CASP8;TP53I3;CDK4;CHEK2;CHEK1;ADGRB1;CDK2;CDK1;SFN;GTSE1;TP53
KEGG_2021_Human	Mucin type O-glycan biosynthesis	11/36	0.1059200300940877	0.3046972382610357	0	0	1.6941496598639456	3.80348610613316	GALNT5;GALNT13;GALNT16;B3GNT6;GALNT17;B3GNT3;GALNTL5;POC1B-GALNT4;GALNTL6;C1GALT1C1L;GALNT9
KEGG_2021_Human	Phenylalanine, tyrosine and tryptophan biosynthesis	3/6	0.1068055332567633	0.3046972382610357	0	0	3.848205625606208	8.607456786539654	IL4I1;GOT1;PAH
KEGG_2021_Human	Proteoglycans in cancer	50/205	0.1073695030062697	0.3046972382610357	0	0	1.2436405642985433	2.775157920107775	HPSE2;ITGB3;FASLG;TNF;SHH;PLAU;MYC;PRKCG;PRKCB;MMP2;WNT5A;PLAUR;ANK3;ANK1;HSPG2;MMP9;VAV1;SMO;HCLS1;ITGA5;PPP1R12B;TP53;CD44;TLR2;CAMK2B;CAMK2A;WNT8A;ITPR1;TWIST1;WNT8B;HOXD10;THBS1;EGFR;VTN;WNT11;ERBB4;WNT1;WNT10B;FZD2;TGFB1;LUM;WNT7B;CAV1;FN1;FZD9;COL1A1;MAPK11;COL1A2;SDC1;HPSE
KEGG_2021_Human	Human cytomegalovirus infection	54/225	0.1217176241740256	0.3423308179894472	0	0	1.2174137775078502	2.5639360792789363	IFNA6;CXCL8;CALML5;CALML6;CCL4L2;ITGB3;CALML3;FASLG;TNF;PPP3CA;GNGT2;CASP8;CREB3L3;MYC;RAC2;CCR5;CCR3;PRKCG;IFNA13;PRKCB;HLA-G;PLCB4;IL1B;TP53;PTGER4;CCL3L3;PTGER3;ITPR1;CXCR4;ADCY1;EGFR;ADCY5;GNG3;PPP3R2;GNG5;CCL5;GNG7;CXCR2;CCL4;EIF4EBP1;CCL3;CCL2;E2F2;GNG8;PTK2B;IFNA21;CCR1;CDKN2A;GNG13;GNAO1;MAPK11;CDK4;GNB4;GNB3
KEGG_2021_Human	Human immunodeficiency virus 1 infection	51/212	0.125525487819179	0.3499161828587733	0	0	1.2210729066982	2.534027215839463	IFNA6;CALML5;CALML6;CALML3;CD3G;FASLG;CD3E;CD3D;TNF;PPP3CA;GNGT2;CASP8;AP1G2;TRIM5;CHEK1;RAC2;CCR5;PRKCG;IFNA13;PRKCB;CDC25C;HLA-G;TLR2;ITPR1;CXCR4;CCNB2;CCNB1;GNG3;PPP3R2;GNG5;GNG7;PAK6;GNG8;PTK2B;PAK3;PAK5;IFNA21;APOBEC3C;APOBEC3D;APOBEC3F;APOBEC3G;APOBEC3H;GNG13;GNAO1;MAPK11;CD4;WEE1;CDK1;GNB4;GNB3;APOBEC3B
KEGG_2021_Human	Synthesis and degradation of ketone bodies	4/10	0.1322710128750824	0.3654856934706224	0	0	2.56560756730536	5.189973534338727	BDH1;OXCT2;HMGCS2;HMGCLL1
KEGG_2021_Human	Parathyroid hormone synthesis, secretion and action	27/106	0.1336561972890069	0.3661017577916276	0	0	1.316573016363075	2.6495827463295303	ITPR1;ARRB1;GATA3;PTH1R;ADCY1;EGFR;ADCY5;CYP27B1;MMP25;CREB3L3;BGLAP;TNFSF11;PDE4A;RXRG;PRKCG;SLC34A3;SLC34A2;PRKCB;VDR;PDE4C;NR4A2;MMP14;MAFB;MMP13;PLCB4;TRPV5;MMP17
KEGG_2021_Human	Regulation of actin cytoskeleton	52/218	0.1370104080609379	0.3720541253378918	0	0	1.2074270086480894	2.400000714843994	CYFIP2;CHRM2;CHRM1;ARPC1B;CHRM4;ITGB3;CHRM5;ITGA2B;ITGB2;ITGAL;FGF5;FGF8;FGF9;RAC2;PIP4K2A;ITGA4;F2R;F2;VAV1;MYL7;MYL2;SPATA13;PFN4;ARHGEF4;ITGA5;PPP1R12B;CXCR4;LPAR4;IQGAP2;IQGAP3;EGFR;KNG1;ACTR3C;SCIN;PDGFD;PDGFC;PAK6;MYH14;NCKAP1L;PIP5K1B;MYH11;PAK3;WASF1;PAK5;FGF22;EGF;FN1;MOS;FGF17;DIAPH3;LPAR5;FGFR3
KEGG_2021_Human	Tryptophan metabolism	12/42	0.1404859983159403	0.3782315339275318	0	0	1.5400243013365735	3.0225247699407958	TPH2;IL4I1;DDC;AOC1;TDO2;KYNU;ASMT;CYP1A1;KMO;ALDH8A1;INMT;IDO1
KEGG_2021_Human	Histidine metabolism	7/22	0.1505040976848209	0.4017694133111745	0	0	1.7962135922330098	3.4016063760561708	ALDH3B2;AOC1;ALDH3B1;CARNS1;ASPA;CNDP1;FTCD
KEGG_2021_Human	Drug metabolism	27/108	0.1573596960197762	0.4165403718170548	0	0	1.2839024390243905	2.374219399254611	ADH1B;DPYS;GSTT2;ADH7;MPO;ADH6;NME1-NME2;ALDH3B2;HPGDS;CYP2D6;ALDH3B1;UPP2;TK1;RRM2;GSTO2;UGT2B17;FMO1;FMO4;UPB1;CYP2A7;CYP2C8;CYP2A6;NAT1;NAT2;DPYD;CYP2E1;GSTM5
KEGG_2021_Human	Fat digestion and absorption	12/43	0.1602189619210753	0.4205747750428226	0	0	1.49025202837769	2.7289702099432533	LIPF;FABP1;ABCG8;ABCG5;PLA2G2D;CLPS;MTTP;PLA2G2A;PLA2G10;PLA2G3;CEL;PNLIP
KEGG_2021_Human	Taurine and hypotaurine metabolism	4/11	0.1754218985900481	0.4566768434369022	0	0	2.1989536052111847	3.827413671961279	GGT6;GAD1;GAD2;BAAT
KEGG_2021_Human	Apelin signaling pathway	33/137	0.1839388761464016	0.4749241474271845	0	0	1.222184904738642	2.0693445364593024	RYR1;RYR2;CALML5;CALML6;SERPINE1;ITPR1;CALML3;ADCY1;PIK3CG;PRKAG3;RYR3;SLC8A2;PIK3R5;ADCY5;GNG3;GNGT2;GNG5;GNG7;SPP1;GNG8;CCN2;NOS1;GABARAPL1;PRKCE;GNG13;ADCY10;PLCB4;MYL2;CAMK4;MYL3;GNB4;GNB3;PLIN1
KEGG_2021_Human	Transcriptional misregulation in cancer	45/192	0.1897428245934616	0.4852677437859137	0	0	1.1793438590526852	1.9601705381296448	CD86;CSF1R;SPI1;SLC45A3;CXCL8;BCL2A1;FLT3;SIX1;TMPRSS2;MPO;HOXA11;HOXA10;HOXA9;PLAU;MYC;H3C12;H3C10;CD14;FCGR1A;H3C4;RXRG;ELANE;H3C7;H3C6;RUNX1T1;PTCRA;NGFR;H3C8;CDKN2C;BCL11B;IGFBP3;IL1R2;HMGA2;PAX3;GZMB;ETV4;MMP9;RUNX1;CCNA2;CCNA1;H3-5;PAX7;TLX1;IL2RB;TP53
KEGG_2021_Human	Lipid and atherosclerosis	50/215	0.1910260324744549	0.4852677437859137	0	0	1.1675251410350749	1.932657563707356	IFNA6;CXCL8;CALML5;NCF1;CALML6;NCF2;NCF4;CALML3;FASLG;CXCL3;TNF;PYCARD;PPP3CA;CASP8;CASP6;CASP1;OLR1;LBP;IFNA13;MMP1;IL18;CYBB;MMP9;VAV1;CYP2A7;CYP2A6;PLCB4;IL1B;TLR6;TP53;TLR2;CAMK2B;CCL3L3;CAMK2A;ITPR1;LY96;PPP3R2;CCL5;CCL3;CCL2;CD14;RXRG;IFNA21;LYN;VCAM1;SELE;MAPK11;CYP2C8;CD40LG;CYP1A1
KEGG_2021_Human	Cellular senescence	37/156	0.1945541823004379	0.4902765393971035	0	0	1.1976289782416634	1.9605720306502823	CXCL8;CALML5;CALML6;SERPINE1;ITPR1;CALML3;CACNA1D;GATA4;FOXM1;KIR2DL4;CCNB2;PPP3CA;CCNB1;PPP3R2;CHEK2;MYC;CHEK1;EIF4EBP1;E2F2;MYBL2;HIPK4;TGFB1;CDKN2A;IGFBP3;HLA-G;CDC25A;HIPK2;CCNA2;CCNA1;IL1A;MAPK11;CDK4;TRPV4;CDK2;CDK1;SLC25A31;TP53
KEGG_2021_Human	Ether lipid metabolism	13/49	0.1963316896844347	0.4908292242110868	0	0	1.3901110030789174	2.2630308679413926	PLA2G4F;PLA2G2D;GAL3ST1;PLA2G4D;PLA2G4E;PLA2G4B;PLA2G2A;PLA2G4A;PLA2G3;PEDS1-UBE2V1;LPCAT4;JMJD7-PLA2G4B;PLA2G10
KEGG_2021_Human	Butanoate metabolism	8/28	0.2056526555946548	0.5100833583646951	0	0	1.5394998786113134	2.434821698348155	ACSM3;BDH1;ACSM1;GAD1;GAD2;OXCT2;HMGCS2;HMGCLL1
KEGG_2021_Human	Metabolism of xenobiotics by cytochrome P450	19/76	0.2089003257779828	0.5140906454692548	0	0	1.2833495618305746	2.009594577530229	GSTO2;ADH1B;AKR1C1;DHDH;UGT2B17;GSTT2;AKR7L;ADH7;ADH6;CYP2A7;ALDH3B2;HPGDS;CYP2A6;CYP2D6;ALDH3B1;CYP2S1;CYP1A1;CYP2E1;GSTM5
KEGG_2021_Human	Toxoplasmosis	27/112	0.2112793543661748	0.5159147025220547	0	0	1.2231736011477763	1.901513959561647	LAMA3;LY96;TNF;PIK3CG;PIK3R5;HLA-DMA;SOCS1;CASP8;HLA-DMB;HLA-DOA;CCR5;HLA-DQA2;HLA-DQA1;HLA-DPA1;IL10;HLA-DRB5;TGFB1;LAMB4;IRGM;GNAO1;MAPK11;CD40LG;HLA-DPB1;HLA-DRA;HLA-DRB1;HLA-DQB1;TLR2
KEGG_2021_Human	Fc epsilon RI signaling pathway	17/68	0.2254011849582831	0.546164409706609	0	0	1.2832116788321168	1.9118229728528175	LYN;PLA2G4F;FCER1G;PLA2G4D;SYK;PLA2G4E;PLA2G4B;PLA2G4A;TNF;VAV1;MAPK11;JMJD7-PLA2G4B;ALOX5AP;RAC2;BTK;FCER1A;LCP2
KEGG_2021_Human	Necroptosis	37/159	0.2311651985749321	0.5558552484817071	0	0	1.167956631528318	1.7106157702848273	CAMK2B;IFNA6;ALOX15;CAMK2A;FASLG;PYGM;PYGL;H2AC15;H2AC16;TNF;H2AC17;H2AC11;PYCARD;H2AC12;H2AC13;H2AC14;CASP8;CASP1;STAT4;IFNA21;ZBP1;H2AC8;IFNA13;PLA2G4F;PLA2G4D;RIPK3;H2AC7;PLA2G4E;PLA2G4B;CYBB;PLA2G4A;IL1A;H2AC20;IL1B;JMJD7-PLA2G4B;SLC25A31;TLR3
KEGG_2021_Human	Antigen processing and presentation	19/78	0.2454571881520231	0.5857501080900551	0	0	1.2396894030663608	1.741308314673098	CD74;HLA-DRB5;CD8B2;IFI30;TNF;HLA-G;CTSS;KIR2DL4;HLA-DMA;CD4;HLA-DMB;HLA-DPB1;HLA-DRA;HLA-DOA;HLA-DQA2;HLA-DQA1;HLA-DRB1;HLA-DPA1;HLA-DQB1
KEGG_2021_Human	Melanogenesis	24/101	0.2517955009249707	0.5963577653486148	0	0	1.1999582187249749	1.6549080080763126	PRKCG;CAMK2B;WNT10B;FZD2;CALML5;CALML6;PRKCB;WNT7B;WNT5A;ASIP;CAMK2A;FZD9;WNT8A;WNT8B;CALML3;ADCY1;ADCY5;GNAO1;POMC;PLCB4;WNT11;CREB3L3;KIT;WNT1
KEGG_2021_Human	D-Glutamine and D-glutamate metabolism	2/5	0.2757644058070507	0.6366385939125341	0	0	2.564848484848485	3.3040593114559798	GLS2;GLS
KEGG_2021_Human	Neomycin, kanamycin and gentamicin biosynthesis	2/5	0.2757644058070507	0.6366385939125341	0	0	2.564848484848485	3.3040593114559798	HK3;HK2
KEGG_2021_Human	Legionellosis	14/57	0.2772995759445469	0.6366385939125341	0	0	1.2530886186170904	1.607282707332869	CXCL8;ITGB2;IL18;CXCL3;TNF;PYCARD;C3;CASP8;CR1L;IL1B;EEF1A2;CASP1;CD14;TLR2
KEGG_2021_Human	Choline metabolism in cancer	23/98	0.2789083363807292	0.6366385939125341	0	0	1.1804873294346978	1.5073313289618937	PRKCG;SLC22A3;DGKE;PLA2G4F;PLA2G4D;PRKCB;PLA2G4E;EGF;PLA2G4B;PLA2G4A;DGKZ;EGFR;SLC5A7;DGKQ;PDGFD;JMJD7-PLA2G4B;PDGFC;EIF4EBP1;RAC2;PIP5K1B;DGKK;WASF1;DGKH
KEGG_2021_Human	Glycerophospholipid metabolism	23/98	0.2789083363807292	0.6366385939125341	0	0	1.1804873294346978	1.5073313289618937	CDS1;ACHE;DGKE;PLA2G4F;PLA2G2D;PLA2G4D;PNPLA7;PLA2G4E;PLA2G4B;PLA2G2A;MBOAT1;PLA2G3;PLA2G4A;DGKZ;ETNPPL;LPCAT4;DGKQ;JMJD7-PLA2G4B;PLA2G10;GPAT2;DGKK;DGKH;PLA1A
KEGG_2021_Human	Chemical carcinogenesis	53/239	0.3005051056689152	0.6790948016382762	0	0	1.0971898902560693	1.3191410196834688	ARRB1;FGF5;RPS6KA6;HPGDS;FGF8;CREB3L3;FGF9;MYC;TNFSF11;KPNA7;PRKCG;CHRNB2;GSTO2;PRKCB;UGT2B17;CDC25A;AR;CYP2A7;CYP2A6;BIRC5;PGR;CYP2E1;AIPL1;CHRNA4;NR1I3;CACNA1B;CHRNA9;CACNA1A;GSTT2;CACNA1D;ADCY1;CACNA1C;CACNA1F;CYP2C18;EGFR;ADCY5;SULT1A1;EIF4EBP1;CACNA1S;WNT1;RXRG;FGF22;SULT1A2;VDR;EGF;AKR1C2;CDC6;FGF17;CYP2C8;NAT1;NAT2;CYP1A1;GSTM5
KEGG_2021_Human	Tight junction	38/169	0.3032700078574122	0.6790948016382762	0	0	1.1167477817044051	1.3324272409443427	PCNA;ARPC1B;CACNA1D;CD1E;GATA4;CD1D;CD1C;PRKCZ;CD1A;PRKAG3;EPB41L4B;TUBA1C;TUBA3E;ACTR3C;TUBA3D;CLDN23;MARVELD3;MYH14;MYH11;PRKCE;CGN;TUBA4A;RUNX1;CLDN6;CLDN3;DLG2;DLG3;PPP2R2C;CLDN9;CDK4;CLDN14;MYL2;CLDN7;HCLS1;CLDN16;CFTR;TJP3;TUBA8
KEGG_2021_Human	T cell receptor signaling pathway	24/104	0.3039757683523713	0.6790948016382762	0	0	1.1547404338289058	1.3750733267998796	IL10;ITK;CD8B2;CD3G;CD3E;TNF;CD3D;VAV1;PPP3CA;MAPK11;CD4;PPP3R2;PTPRC;CD40LG;CDK4;LCK;GRAP2;CD28;PAK6;LCP2;PDCD1;ICOS;PAK3;PAK5
KEGG_2021_Human	Collecting duct acid secretion	7/27	0.3160911138432942	0.700343210815608	0	0	1.346735436893204	1.5510685640117592	ATP4B;ATP4A;ATP6V1G2;SLC4A1;ATP6V0A4;ATP6V0D2;ATP6V1B1
KEGG_2021_Human	Starch and sucrose metabolism	9/36	0.3179335845924823	0.700343210815608	0	0	1.2826614861583292	1.4698181784969806	GYS2;HK3;AMY2A;AMY2B;TREH;SI;PYGM;PYGL;HK2
KEGG_2021_Human	Cholesterol metabolism	12/50	0.3293969300358327	0.7205557844533841	0	0	1.2151947304470168	1.3494637606569366	ABCG8;CETP;ABCG5;LIPC;STAR;APOC2;APOC1;APOA2;ANGPTL3;PCSK9;LRP2;LPA
KEGG_2021_Human	Ferroptosis	10/41	0.332597737344791	0.7225399121628219	0	0	1.2412733982621231	1.3664204630257102	STEAP3;TF;MAP1LC3C;ALOX15;SLC40A1;ACSL6;HMOX1;CYBB;CP;TP53
KEGG_2021_Human	Aldosterone-regulated sodium reabsorption	9/37	0.3497211508940938	0.7545353598057504	0	0	1.2367740928328592	1.2993785508208004	PRKCG;FXYD4;PRKCB;SCNN1B;ATP1A4;ATP1A3;SFN;ATP1B1;KCNJ1
KEGG_2021_Human	PPAR signaling pathway	17/74	0.3526500991424862	0.7556787838767562	0	0	1.147701370213856	1.1962249609175863	MMP1;ADIPOQ;ACSL6;APOA2;AQP7;CPT1B;FABP1;FABP6;ME1;PLIN4;OLR1;HMGCS2;PLIN1;PCK1;SLC27A2;RXRG;PLIN5
KEGG_2021_Human	Focal adhesion	44/201	0.3560434804120588	0.7577952454716117	0	0	1.078737221756826	1.1140145390199607	ITGB3;ITGA2B;RASGRF1;LAMA3;TNC;THBS1;EGFR;VTN;RELN;IBSP;TNN;PDGFD;PDGFC;CHAD;RAC2;SPP1;PAK6;TNR;PIP5K1B;PAK3;PAK5;PRKCG;ITGA4;PRKCB;EGF;CAV1;LAMB4;FN1;VEGFD;VAV1;PGF;COL1A1;MYL7;COL1A2;COL4A2;COL4A1;MYL2;COL4A3;COL9A1;COL4A6;COL6A3;COL6A6;ITGA5;PPP1R12B
KEGG_2021_Human	Pathogenic Escherichia coli infection	43/197	0.3661064928853991	0.7739835252275216	0	0	1.0746991744788024	1.079891071698563	CYFIP2;CXCL8;ARPC1B;WIPF3;FASLG;LPAR4;TNF;PYCARD;TUBB8;TUBA1C;TUBA3E;ACTR3C;TUBA3D;CASP8;CYTH4;NLRP4;CLDN23;CASP1;MYH14;NCKAP1L;MYH11;PAK3;WASF1;F2R;IL18;MYO5A;F2;TUBB4A;TUBA4A;CLDN6;MAPK11;CLDN3;FCGR2A;LPAR5;CLDN9;CLDN14;IL1B;CLDN7;HCLS1;CLDN16;MYO1H;MYO1F;TUBA8
KEGG_2021_Human	Epstein-Barr virus infection	44/202	0.3697496173644282	0.775133059345458	0	0	1.0718415659867868	1.0664064848945864	IFNA6;CD3G;CD3E;ITGAL;CD3D;TNF;HLA-DMA;HLA-DMB;CASP8;MYC;CD19;BLNK;E2F2;CD58;HLA-DOA;HLA-DQA2;HLA-DQA1;HLA-DPA1;IFNA21;LYN;HLA-DRB5;IFNA13;CR2;ENTPD3;SYK;HLA-G;RUNX3;CCNA2;CXCL10;CCNA1;MAPK11;OAS1;CDK4;OAS2;CDK2;BTK;HLA-DPB1;HLA-DRA;VIM;TP53;HLA-DRB1;CD44;HLA-DQB1;TLR2
KEGG_2021_Human	Carbohydrate digestion and absorption	11/47	0.3740324603825702	0.775133059345458	0	0	1.1756762228701003	1.1561749202724922	HK3;PLCB4;AMY2A;AMY2B;PRKCB;SI;ATP1A4;ATP1A3;CACNA1D;ATP1B1;HK2
KEGG_2021_Human	Other types of O-glycan biosynthesis	11/47	0.3740324603825702	0.775133059345458	0	0	1.1756762228701003	1.1561749202724922	LFNG;GALNT5;GALNT13;GALNT16;MFNG;GALNT17;GALNTL5;POC1B-GALNT4;GALNTL6;C1GALT1C1L;GALNT9
KEGG_2021_Human	IL-17 signaling pathway	21/94	0.3804018645490598	0.7831803093657114	0	0	1.1069667509625072	1.0699133046852305	CXCL8;MMP1;CCL20;CXCL3;MUC5B;TNF;MMP9;MAPK15;MUC5AC;FOSL1;CXCL10;MAPK11;CASP8;MMP13;CCL7;IL1B;CCL2;CCL17;IL17C;IL17B;S100A7
KEGG_2021_Human	Estrogen signaling pathway	30/137	0.3899269681166601	0.7975778893295321	0	0	1.078929419520552	1.0161312159049665	CALML5;CALML6;ITPR1;CALML3;ADCY1;GRM1;EGFR;ADCY5;KRT33B;CREB3L3;KCNJ3;GABBR2;KCNJ5;GABBR1;KCNJ6;KCNJ9;MMP2;KRT13;KRT34;OPRM1;KRT31;MMP9;GNAO1;POMC;KRT19;PLCB4;KRT15;KRT36;KRT14;PGR
KEGG_2021_Human	Wnt signaling pathway	36/166	0.3984660567523871	0.8097858572709804	0	0	1.0656563187484722	0.9805455049528992	CAMK2B;CAMK2A;WNT8A;WNT8B;PPP3CA;PPP3R2;WNT11;WIF1;MYC;RAC2;CCN4;RSPO3;RSPO1;GPC4;WNT1;RSPO4;PRKCG;RNF43;WNT10B;FZD2;MMP7;PRKCB;CSNK2A3;WNT7B;WNT5A;FZD9;DKK4;FOSL1;VANGL1;SFRP4;SFRP1;PLCB4;DAAM2;SFRP5;TP53;LGR5
KEGG_2021_Human	Pantothenate and CoA biosynthesis	5/21	0.443077746072643	0.8935213057255862	0	0	1.2021621785541	0.9785720653793384	VNN1;VNN2;DPYS;DPYD;UPB1
KEGG_2021_Human	Kaposi sarcoma-associated herpesvirus infection	41/193	0.445342365075927	0.8935213057255862	0	0	1.037820091712394	0.8395050563897272	CD86;IFNA6;CXCL8;CALML5;CALML6;ITPR1;CALML3;CXCL3;PIK3CG;PIK3R5;C3;PPP3CA;GNG3;PPP3R2;GNGT2;CASP8;GNG5;MYC;GNG7;E2F2;GNG8;CCR5;CCR4;CCR3;MICB;IFNA21;CCR1;LYN;GABARAPL1;IFNA13;ANGPT2;SYK;HLA-G;GNG13;HCK;MAPK11;CDK4;GNB4;GNB3;TP53;TLR3
KEGG_2021_Human	Natural killer cell mediated cytotoxicity	28/131	0.4514012546718	0.8974933466922299	0	0	1.0458624765216238	0.8318775863175444	IFNA6;ITGB2;PRF1;FASLG;ITGAL;TNF;PPP3CA;FCGR3A;PPP3R2;RAC2;PTK2B;IFNA21;MICB;PRKCG;IFNA13;FCER1G;SYK;PRKCB;GZMB;HLA-G;VAV1;TYROBP;LCK;CD48;LCP2;HCST;CD244;ULBP3
KEGG_2021_Human	Folate biosynthesis	6/26	0.4548610740944384	0.8974933466922299	0	0	1.1540645474399418	0.9091296251157814	QDPR;TPH2;AKR1B10;TH;PAH;MOCOS
KEGG_2021_Human	Pathways in cancer	111/531	0.4558696364151009	0.8974933466922299	0	0	1.016934049516221	0.798850910820288	SPI1;CALML5;CALML6;HHIP;ITGA2B;IL5RA;CALML3;FGF5;EDNRA;FGF8;RPS6KA5;FGF9;MYC;PRKCG;IFNA13;PRKCB;F2R;WNT5A;PGF;RUNX1;AR;SMO;COL4A2;COL4A1;COL4A3;COL4A6;TP53;CSF1R;GSTT2;KLK3;LPAR3;CSF2RB;LPAR4;CSF2RA;KNG1;RASGRP4;TERT;HMOX1;WNT1;FGF22;IFNA21;JAG2;WNT10B;FZD2;TGFB1;FN1;FZD9;GNG13;FGF17;LPAR5;CDK4;IL7;CDK2;GNB4;GNB3;IL7R;FGFR3;GSTM5;IFNA6;CXCL8;FLT3;FASLG;BRCA2;CKS1B;SHH;GNGT2;CASP8;RAC2;GSTO2;MMP1;PLEKHG5;MMP2;F2;MMP9;CCNA2;CCNA1;PLCB4;KIT;CKS2;BIRC5;PTGER4;CAMK2B;PTGER3;CAMK2A;LAMA3;WNT8A;WNT8B;CXCR4;ADCY1;EGFR;ADCY5;GNG3;WNT11;GNG5;GNG7;STAT4;E2F2;GNG8;CTNNA3;IL12RB1;RXRG;RUNX1T1;CDKN2A;EGF;WNT7B;LAMB4;VEGFD;RAD51;IL2RA;IL2RB;F2RL3
KEGG_2021_Human	Regulation of lipolysis in adipocytes	12/55	0.4669373998227976	0.9135731735663432	0	0	1.0735539291870355	0.8175758138202863	NPY;PTGER3;IRS4;NPY1R;AQP7;PRKG2;PLIN1;ADCY1;CGA;TSHR;ADCY5;PTGS1
KEGG_2021_Human	Nitrogen metabolism	4/17	0.4776190915209581	0.9243835666759244	0	0	1.1836041717196215	0.8746145306565293	CA3;CA4;CA7;CA9
KEGG_2021_Human	TGF-beta signaling pathway	20/94	0.4795669832534891	0.9243835666759244	0	0	1.0396883369856342	0.7640375361445157	TGIF1;LEFTY1;TGIF2;TGFB1;FST;CHRD;GDF6;TNF;THBS1;GDF5;BMP5;GREM1;GREM2;ACVR1C;HJV;MYC;ID3;FMOD;LEFTY2;NODAL
KEGG_2021_Human	Glioma	16/75	0.4861165100046623	0.9243835666759244	0	0	1.0431871498130274	0.75245814265968	PRKCG;CAMK2B;CAMK1D;CALML5;CALML6;PRKCB;CDKN2A;EGF;CAMK2A;CALML3;EGFR;CDK4;CAMK4;E2F2;TP53;CAMK1G
KEGG_2021_Human	C-type lectin receptor signaling pathway	22/104	0.4867177679341092	0.9243835666759244	0	0	1.032060841923888	0.7431569337395135	IL10;EGR2;FCER1G;CCL22;CALML5;CLEC4M;SYK;CALML6;ITPR1;CALML3;LSP1;TNF;PYCARD;PPP3CA;MAPK11;PPP3R2;CASP8;IL1B;CASP1;CLEC4E;CLEC1B;CCL17
KEGG_2021_Human	Arginine biosynthesis	5/22	0.4871354668831856	0.9243835666759244	0	0	1.1313754031452463	0.8136999300619638	GOT1;GLS2;GPT;NOS1;GLS
KEGG_2021_Human	Acute myeloid leukemia	14/67	0.5274148759748678	0.9889028924528772	0	0	1.0160145695424998	0.6500134051249147	CSF1R;SPI1;BCL2A1;FLT3;MPO;RUNX1;CCNA2;CCNA1;MYC;KIT;EIF4EBP1;CD14;FCGR1A;RUNX1T1
KEGG_2021_Human	Glycolysis / Gluconeogenesis	14/67	0.5274148759748678	0.9889028924528772	0	0	1.0160145695424998	0.6500134051249147	PKLR;ADH1B;ADH7;HK2;ADH6;HK3;ALDH3B2;ALDH3B1;GAPDHS;PGAM4;ALDOB;PCK1;FBP1;LDHAL6A
KEGG_2021_Human	Phosphatidylinositol signaling system	20/97	0.5419804651369766	0.9999963008850996	0	0	0.9989912692615396	0.6119074472559786	PRKCG;CDS1;DGKE;CALML5;CALML6;PRKCB;ITPR1;CALML3;SYNJ2;DGKZ;MTMR7;PLCB4;PPIP5K1;INPP5F;DGKQ;ITPKA;PIP4K2A;PIP5K1B;DGKK;DGKH
KEGG_2021_Human	Basal cell carcinoma	13/63	0.5499890466009048	0.9999963008850996	0	0	0.9999951385512884	0.5978540097742792	WNT10B;FZD2;HHIP;WNT7B;WNT5A;WNT8A;FZD9;WNT8B;SHH;WNT11;SMO;WNT1;TP53
KEGG_2021_Human	Cytosolic DNA-sensing pathway	13/63	0.5499890466009048	0.9999963008850996	0	0	0.9999951385512884	0.5978540097742792	ZBP1;IFNA13;IFNA6;RIPK3;CCL4L2;IL18;PYCARD;CXCL10;IL1B;CCL5;CCL4;CASP1;IFNA21
KEGG_2021_Human	Retinol metabolism	14/68	0.551934709137533	0.9999963008850996	0	0	0.9971364508198935	0.5926236398924605	ADH1B;UGT2B17;ADH7;CYP2C18;RPE65;ADH6;SDR16C5;ALDH1A3;CYP2A7;CYP26B1;CYP2A6;CYP2C8;CYP2S1;CYP1A1
KEGG_2021_Human	Glycosaminoglycan degradation	4/19	0.5723522058856654	0.9999963008850996	0	0	1.0256609265098229	0.5723195483300098	HPSE2;HYAL1;IDS;HPSE
KEGG_2021_Human	Fanconi anemia pathway	11/54	0.5730867056175248	0.9999963008850996	0	0	0.9838520125658236	0.5477283756243968	FANCI;RMI2;BRIP1;RAD51;EME1;EME2;FANCD2;UBE2T;FAAP24;FANCB;BRCA2
KEGG_2021_Human	VEGF signaling pathway	12/59	0.5740111634948779	0.9999963008850996	0	0	0.981939453478452	0.5450809086740827	PRKCG;PPP3CA;MAPK11;PLA2G4F;PPP3R2;PLA2G4D;PLA2G4E;PRKCB;PLA2G4B;JMJD7-PLA2G4B;RAC2;PLA2G4A
KEGG_2021_Human	Growth hormone synthesis, secretion and action	24/119	0.5865685471574631	0.9999963008850996	0	0	0.9714894108290468	0.5182563201402964	PRKCG;POU1F1;PRKCB;IGFBP3;IRS4;ITPR1;CACNA1D;CACNA1C;SSTR1;ADCY1;CACNA1F;SSTR2;SSTR3;ADCY5;SOCS2;ADCY10;GH1;MAPK11;SOCS1;PLCB4;CREB3L3;SST;IGFALS;CACNA1S
KEGG_2021_Human	Fluid shear stress and atherosclerosis	28/139	0.5907016535935316	0.9999963008850996	0	0	0.969992681141742	0.5106470261639454	CALML5;NCF1;CALML6;NCF2;ITGB3;ITGA2B;GSTT2;CALML3;TNF;PRKCZ;NPPC;RAC2;HMOX1;CCL2;VCAM1;GSTO2;IL1R2;CAV1;MMP2;SELE;MMP9;IL1A;MAPK11;TRPV4;IL1B;SDC1;TP53;GSTM5
KEGG_2021_Human	Central carbon metabolism in cancer	14/70	0.5995219794829335	0.9999963008850996	0	0	0.9614028689521033	0.4918754759959447	FLT3;GLS2;IDH1;SLC1A5;HK2;EGFR;GLS;HK3;MYC;KIT;PGAM4;TP53;FGFR3;LDHAL6A
KEGG_2021_Human	Arginine and proline metabolism	10/50	0.6000576438336982	0.9999963008850996	0	0	0.9614403692008744	0.4910360122330314	AOC1;CKM;GOT1;CKMT1A;CARNS1;CKMT1B;NOS1;PRODH;PRODH2;CNDP1
KEGG_2021_Human	Progesterone-mediated oocyte maturation	20/100	0.6019975035418913	0.9999963008850996	0	0	0.9613464816167518	0.4878852434847757	ADCY1;CDC25C;PKMYT1;CDC25A;ADCY5;AURKA;CCNA2;MOS;CCNB2;CCNA1;MAPK11;RPS6KA6;CCNB1;CPEB1;CDK2;CDK1;PGR;CPEB3;BUB1;MAD2L1
KEGG_2021_Human	Glycerolipid metabolism	12/61	0.6241176368706791	0.9999963008850996	0	0	0.9417412651573388	0.4439522842545577	LIPF;DGKE;LIPC;AKR1B10;DGKQ;MBOAT1;CEL;GPAT2;DGKK;DGKZ;PNLIP;DGKH
KEGG_2021_Human	Pyrimidine metabolism	11/56	0.6253650811981957	0.9999963008850996	0	0	0.940006478781989	0.4412575309418317	NME1-NME2;DTYMK;RRM2;ENTPD3;DPYS;NT5C1A;DPYD;UPP2;TK1;TYMS;UPB1
KEGG_2021_Human	Homologous recombination	8/41	0.6318399406489027	0.9999963008850996	0	0	0.9322651128914784	0.4280207898639913	BARD1;RAD51B;BRIP1;RAD51;EME1;XRCC2;SYCP3;BRCA2
KEGG_2021_Human	DNA replication	7/36	0.6354576578820798	0.9999963008850996	0	0	0.9282557750251088	0.4208802825778331	PRIM2;PCNA;RNASEH2A;PRIM1;POLE2;MCM5;MCM2
KEGG_2021_Human	Human papillomavirus infection	66/331	0.645248415743688	0.9999963008850996	0	0	0.9572212439542264	0.4193776715114685	IFNA6;ITGB3;ITGA2B;TNC;FASLG;TNF;OASL;LFNG;CASP8;CREB3L3;IBSP;TNN;TNR;HES7;IFNA13;ATP6V1G2;ITGA4;WNT5A;HLA-G;CCNA2;CCNA1;COL4A2;COL4A1;MFNG;COL4A3;COL4A6;COL6A3;COL6A6;ITGA5;ATP6V0D2;TP53;TLR3;ATP6V1B1;PTGER4;LAMA3;WNT8A;WNT8B;PRKCZ;THBS1;EGFR;VTN;RELN;WNT11;TERT;CHAD;SPP1;EIF4EBP1;ATP6V0A4;WNT1;HES2;IFNA21;WNT10B;FZD2;EGF;WNT7B;LAMB4;FN1;FZD9;COL1A1;COL1A2;DLG2;DLG3;PPP2R2C;CDK4;CDK2;COL9A1
KEGG_2021_Human	Purine metabolism	25/129	0.6720186157130992	0.9999963008850996	0	0	0.9240919063871282	0.3672981048466816	GUCY1B1;GDA;PDE1B;PDE1A;AK5;ADCY1;AK7;GUCY2F;ADCY5;NME1-NME2;PDE11A;PDE4A;PDE6C;RRM2;ENTPD3;PDE6H;PKLR;PDE6G;PDE2A;PDE4C;AMPD1;ADCY10;PDE10A;NT5C1A;ALLC
KEGG_2021_Human	Ubiquinone and other terpenoid-quinone biosynthesis	2/11	0.6963300822218739	0.9999963008850996	0	0	0.8546262626262626	0.3093161438109071	COQ2;HPD
KEGG_2021_Human	JAK-STAT signaling pathway	31/162	0.7115485065546974	0.9999963008850996	0	0	0.9094741471851144	0.3095046828727797	IFNA6;IL24;IL20RA;IL5RA;CSF2RB;PRL;CSF2RA;EGFR;SOCS2;SOCS1;THPO;MYC;STAT4;IL13RA2;IL12RB1;IFNL3;IFNA21;IL10;IFNA13;CISH;EGF;LIF;OSM;PRLR;IFNW1;GH1;IL7;IFNE;IL2RA;IL2RB;IL7R
KEGG_2021_Human	Yersinia infection	26/137	0.7166722631227691	0.9999963008850996	0	0	0.9002682272616435	0.2999123301235053	CXCL8;ARPC1B;WIPF3;TNF;PYCARD;RPS6KA6;ACTR3C;CASP1;RAC2;CCL2;PTK2B;PIP5K1B;IL10;FYB1;ITGA4;FN1;CD8B2;IL18;VAV1;MAPK11;CD4;FCGR2A;LCK;IL1B;LCP2;ITGA5
KEGG_2021_Human	Renin-angiotensin system	4/23	0.728822147220239	0.9999963008850996	0	0	0.8095280646437827	0.2560744061492523	MAS1;ENPEP;REN;KLK2
KEGG_2021_Human	Vibrio cholerae infection	9/50	0.7305211103652741	0.9999963008850996	0	0	0.8439332377782253	0.2649926311942613	ATP6V1G2;SEC61G;KCNQ1;ATP6V0A4;KDELR3;ATP6V0D2;CFTR;PDIA4;ATP6V1B1
KEGG_2021_Human	Melanoma	13/72	0.7492358579376276	0.9999963008850996	0	0	0.8469714822474724	0.244521893273166	CDKN2A;EGF;EGFR;FGF5;FGF17;FGF8;FGF9;CDK4;PDGFD;PDGFC;E2F2;TP53;FGF22
KEGG_2021_Human	Vitamin B6 metabolism	1/6	0.7501433971701644	0.9999963008850996	0	0	0.7691711100339311	0.2211296904476467	PDXP
KEGG_2021_Human	Nicotinate and nicotinamide metabolism	6/35	0.7576539625333222	0.9999963008850996	0	0	0.7954547356266055	0.2207613686503733	BST1;NNMT;NMRK2;NT5C1A;ASPDH;NMNAT2
KEGG_2021_Human	Glutathione metabolism	10/57	0.7661833242616846	0.9999963008850996	0	0	0.8178853637486498	0.217830526021805	HPGDS;GPX2;GGT6;RRM2;GSTO2;IDH1;GPX8;GPX7;GSTT2;GSTM5
KEGG_2021_Human	Axon guidance	34/182	0.769832456105106	0.9999963008850996	0	0	0.882604446616174	0.2308737693475704	EPHB6;CAMK2B;CAMK2A;SEMA3G;CXCR4;EFNA4;PRKCZ;NTN1;PPP3CA;SHH;PPP3R2;ABLIM2;ABLIM3;RAC2;PAK6;SLIT3;SLIT2;PAK3;EPHB4;PAK5;SEMA6B;NTNG2;SEMA4A;EPHA7;TRPC5;EPHA6;UNC5A;SEMA4D;EPHA8;WNT5A;UNC5C;L1CAM;SMO;NGEF
KEGG_2021_Human	PD-L1 expression and PD-1 checkpoint pathway in cancer	16/89	0.7705770904678602	0.9999963008850996	0	0	0.842377450408693	0.2195366850418259	BATF2;EGF;CSNK2A3;CD3G;CD3E;CD3D;EGFR;BATF;PPP3CA;MAPK11;CD4;PPP3R2;LCK;CD28;PDCD1;TLR2
KEGG_2021_Human	Pyruvate metabolism	8/47	0.7822234102680664	0.9999963008850996	0	0	0.7885409079873755	0.1936773870816771	PKLR;ADH1B;LDHD;ME1;ADH7;PCK1;LDHAL6A;ADH6
KEGG_2021_Human	Adipocytokine signaling pathway	12/69	0.7899000038418681	0.9999963008850996	0	0	0.8091577668350707	0.1908389845664485	POMC;NPY;ADIPOQ;IRS4;ACSL6;SLC2A4;PCK1;TNF;CPT1B;RXRG;PRKAG3;CAMKK2
KEGG_2021_Human	ErbB signaling pathway	15/85	0.7903516993021203	0.9999963008850996	0	0	0.8235304335742079	0.1937579704306205	PRKCG;CAMK2B;PRKCB;EGF;CAMK2A;AREG;EGFR;NRG3;NRG4;ERBB4;MYC;EIF4EBP1;PAK6;PAK3;PAK5
KEGG_2021_Human	Glycosaminoglycan biosynthesis	9/53	0.7931722118500463	0.9999963008850996	0	0	0.7862433220009714	0.1821843052484121	HS3ST3B1;HS3ST3A1;EXTL1;NDST3;CHST1;HS3ST5;CHST14;CHST4;HS6ST3
KEGG_2021_Human	Circadian rhythm	5/31	0.7965323513965648	0.9999963008850996	0	0	0.7393255701115963	0.1681873504070698	PER3;CRY2;RORC;NR1D1;PRKAG3
KEGG_2021_Human	Glucagon signaling pathway	19/107	0.8026968341593713	0.9999963008850996	0	0	0.8296312074001947	0.1823348350434421	CAMK2B;CALML5;CALML6;CAMK2A;ITPR1;CALML3;PYGM;PYGL;CPT1B;PRKAG3;GYS2;PPP3CA;PPP3R2;PLCB4;CREB3L3;PGAM4;PCK1;FBP1;LDHAL6A
KEGG_2021_Human	Prolactin signaling pathway	12/70	0.8063052722514054	0.9999963008850996	0	0	0.7951564922277622	0.1711915141597873	SOCS2;MAPK11;LHCGR;SOCS1;CISH;TH;ELF5;TNFSF11;PRL;CGA;PRLR;CYP17A1
KEGG_2021_Human	Measles	25/139	0.8092803839155748	0.9999963008850996	0	0	0.8424965998614283	0.1782805716316527	IFNA6;CLEC4M;CD3G;FASLG;CD3E;CD3D;IFIH1;CASP8;IFNA21;SLAMF1;IFNA13;CSNK2A3;IL1A;OAS1;CDK4;OAS2;IL1B;IL2RA;CDK2;IL2RB;CD28;TLR7;FCGR2B;TP53;TLR2
KEGG_2021_Human	One carbon pool by folate	3/20	0.8129204239606227	0.9999963008850996	0	0	0.6784960346893365	0.1405314921539192	MTHFD2;TYMS;FTCD
KEGG_2021_Human	NOD-like receptor signaling pathway	33/181	0.8136286490671432	0.9999963008850996	0	0	0.8564362481680508	0.1766410228782318	CXCL8;IFNA6;ITPR1;ANTXR2;CXCL3;TNF;PYCARD;TRPM2;CASP8;CASP5;CCL5;CASP1;CCL2;GBP2;GBP1;CAMP;IFNA21;GBP3;GBP5;GABARAPL1;IFNA13;GBP7;RIPK3;IL18;CYBB;MAPK11;NLRP12;PLCB4;OAS1;OAS2;IL1B;PYDC1;CARD16
KEGG_2021_Human	Small cell lung cancer	16/92	0.8146531604503836	0.9999963008850996	0	0	0.8089720774814682	0.1658334725780335	ITGA2B;LAMA3;LAMB4;FN1;CKS1B;COL4A2;COL4A1;CDK4;MYC;COL4A3;CDK2;CKS2;COL4A6;E2F2;TP53;RXRG
KEGG_2021_Human	Viral carcinogenesis	37/203	0.8257967761535303	0.9999963008850996	0	0	0.8559799098594868	0.1638401780599172	HDAC11;HPN;CDC20;C3;SCIN;CASP8;CREB3L3;CHEK1;H4C2;H4C4;CCR5;H4C3;CCR4;H2BW2;CCR3;GTF2A1L;LYN;H2BC9;EGR2;H2BC7;SYK;CDKN2A;HLA-G;H2BC17;CCNA2;H2BC12;CCNA1;H2BC13;H4C14;CDK4;H2BC10;CDK2;H2BC11;H4C11;CDK1;ATP6V0D2;TP53
KEGG_2021_Human	Hepatitis B	29/162	0.8313929556958689	0.9999963008850996	0	0	0.8374890373811542	0.1546446329279781	CXCL8;IFNA6;PCNA;FASLG;TNF;IFIH1;CASP8;CREB3L3;MYC;STAT4;E2F2;PTK2B;IFNA21;PRKCG;IFNA13;EGR2;TGFB1;PRKCB;SLC10A1;HSPG2;MMP9;CCNA2;CCNA1;MAPK11;CDK2;BIRC5;TP53;TLR3;TLR2
KEGG_2021_Human	Steroid hormone biosynthesis	10/61	0.8359585576144312	0.9999963008850996	0	0	0.7535469859549357	0.1350177151227506	HSD3B2;CYP11A1;AKR1C1;CYP11B1;CYP1A1;UGT2B17;AKR1C2;CYP2E1;CYP19A1;CYP17A1
KEGG_2021_Human	Fructose and mannose metabolism	5/33	0.8403130931223708	0.9999963008850996	0	0	0.6864299577181673	0.1194255828612884	HK3;AKR1B10;ALDOB;FBP1;HK2
KEGG_2021_Human	SNARE interactions in vesicular transport	5/33	0.8403130931223708	0.9999963008850996	0	0	0.6864299577181673	0.1194255828612884	VAMP8;STX1B;VAMP1;STX11;STX1A
KEGG_2021_Human	Hippo signaling pathway	29/163	0.8409459017402462	0.9999963008850996	0	0	0.831186308574259	0.1439846979664876	SERPINE1;ITGB2;WNT8A;WNT8B;AFP;PRKCZ;AREG;WNT11;MYC;CTNNA3;CCN2;WNT1;TEAD2;WNT10B;FZD2;TGFB1;WNT7B;WNT5A;FZD9;GDF6;GDF5;BMP5;DLG2;DLG3;PPP2R2C;DLG4;SNAI2;BIRC5;AJUBA
KEGG_2021_Human	Apoptosis	25/142	0.841293417978085	0.9999963008850996	0	0	0.820737851454575	0.1418356378752071	BCL2A1;PRF1;ITPR1;CSF2RB;CTSW;FASLG;TNF;CTSS;LMNB1;SPTA1;TUBA1C;TUBA3E;TUBA3D;CASP8;CASP6;CTSK;CTSC;BOK;NGFR;GZMB;SEPTIN4;TUBA4A;BIRC5;TP53;TUBA8
KEGG_2021_Human	Riboflavin metabolism	1/8	0.8426463486261885	0.9999963008850996	0	0	0.549338688456478	0.0940511365734071	ACP5
KEGG_2021_Human	Hedgehog signaling pathway	9/56	0.8443596384935544	0.9999963008850996	0	0	0.7359180763229413	0.1245002381230536	EVC2;HHATL;SHH;GRK3;SMO;HHIP;GAS1;ARRB1;LRP2
KEGG_2021_Human	Thiamine metabolism	2/15	0.8471206087319749	0.9999963008850996	0	0	0.5915151515151515	0.0981395796895122	AK5;AK7
KEGG_2021_Human	Glycosphingolipid biosynthesis	7/45	0.8488124027621803	0.9999963008850996	0	0	0.708003321410322	0.1160538368460176	FUT9;B3GNT5;B3GNT4;B3GNT3;FUT2;ABO;ST6GALNAC5
KEGG_2021_Human	Coronavirus disease	42/232	0.8512255828610208	0.9999963008850996	0	0	0.8486581202087226	0.1367002424695021	C1QB;C1QA;IFNA6;CXCL8;C1S;C1R;C5AR1;TMPRSS2;F13A1;TNF;EGFR;C2;C3;IFIH1;C3AR1;CASP1;CCL2;IFNA21;PRKCG;FGB;FGA;IFNA13;SYK;RPL36A-HNRNPH2;PRKCB;MMP1;FGG;CYBB;F2;MAS1;CXCL10;MAPK11;FCGR2A;OAS1;OAS2;IL1B;TLR8;TLR7;MASP1;TLR3;TLR2;C1QC
KEGG_2021_Human	Gastric cancer	26/149	0.8575740064841033	0.9999963008850996	0	0	0.8118186522026156	0.1247341488775633	WNT8A;WNT8B;EGFR;FGF5;SHH;FGF8;MUC2;WNT11;FGF9;TERT;MYC;E2F2;CTNNA3;WNT1;RXRG;FGF22;WNT10B;FZD2;TGFB1;EGF;WNT7B;WNT5A;FZD9;FGF17;CDK2;TP53
KEGG_2021_Human	Insulin resistance	18/108	0.8748682500627796	0.9999963008850996	0	0	0.7682161109759066	0.1026966471866405	PRKCB;PRKCE;PYGM;PYGL;SLC2A4;TNF;CPT1B;PRKCZ;PRKAG3;GYS2;MLXIPL;RPS6KA6;CREB3L3;PPP1R3E;TRIB3;PCK1;SLC27A2;PPARGC1B
KEGG_2021_Human	Epithelial cell signaling in Helicobacter pylori infection	11/70	0.8810918024473503	0.9999963008850996	0	0	0.7163199420203917	0.0906814170074672	LYN;MAPK11;CXCL8;ATP6V1G2;CCL5;CXCR2;ATP6V0A4;CXCL3;ATP6V0D2;EGFR;ATP6V1B1
KEGG_2021_Human	RIG-I-like receptor signaling pathway	11/70	0.8810918024473503	0.9999963008850996	0	0	0.7163199420203917	0.0906814170074672	IFIH1;CXCL10;MAPK11;IFNA13;CXCL8;IFNA6;CASP8;IFNE;TNF;IFNW1;IFNA21
KEGG_2021_Human	Endocytosis	45/252	0.8812805217294634	0.9999963008850996	0	0	0.8343096947361694	0.1054394675857196	SH3GL3;ARPC1B;WIPF3;AGAP2;CXCR4;AGAP4;SNX32;ARRB1;AGAP3;PRKCZ;EGFR;ACTR3C;GRK3;CYTH4;KIF5C;CXCR2;KIF5A;PSD3;PIP5K1B;CCR5;RAB11FIP4;SH3GL2;PSD;SH3GLB2;IQSEC2;IQSEC1;CAV1;IQSEC3;HLA-G;DNM1;DNM3;EPN3;ACAP3;AGAP9;EHD3;AGAP6;BIN1;DNAJC6;IL2RA;IL2RB;AMPH;FOLR3;FOLR2;FGFR3;FOLR1
KEGG_2021_Human	HIF-1 signaling pathway	18/109	0.8841758552476019	0.9999963008850996	0	0	0.7597260369224351	0.0935217470239738	PRKCG;CAMK2B;ANGPT2;PRKCB;EGF;SERPINE1;CAMK2A;CYBB;HK2;EGFR;HK3;TF;EIF4E1B;EIF4EBP1;HMOX1;TIMP1;ALDOB;LDHAL6A
KEGG_2021_Human	Breast cancer	25/147	0.885554241870032	0.9999963008850996	0	0	0.7868512760668527	0.0956351378715456	WNT8A;WNT8B;BRCA2;EGFR;FGF5;FGF8;WNT11;FGF9;MYC;TNFSF11;E2F2;WNT1;FGF22;JAG2;WNT10B;FZD2;EGF;WNT7B;WNT5A;FZD9;FGF17;CDK4;KIT;PGR;TP53
KEGG_2021_Human	Primary bile acid biosynthesis	2/17	0.8935147018333819	0.9999963008850996	0	0	0.5125818181818181	0.0577128633975715	BAAT;CYP46A1
KEGG_2021_Human	Salmonella infection	44/249	0.8945587330961909	0.9999963008850996	0	0	0.8236315956105924	0.0917729182241164	CYFIP2;CXCL8;ARPC1B;LY96;KLC1;TNF;PIK3CG;PYCARD;TUBB8;TUBA1C;TUBA3E;ACTR3C;TUBA3D;KLC3;KLC2;CASP8;CYTH4;CASP5;KIF5C;MYC;KIF5A;CASP1;NCKAP1L;CD14;PAK3;DYNC1I1;S100A10;ANXA2;RIPK3;DYNLT1;IL18;RHOH;TUBB4A;TUBA4A;MAPK11;MYL7;PTPRC;MYL2;IL1B;PFN4;TLR6;RAB7B;TLR2;TUBA8
KEGG_2021_Human	Bacterial invasion of epithelial cells	12/77	0.8955573971755872	0.9999963008850996	0	0	0.7092102065613609	0.0782322434420608	DNM3;ACTR3C;ARPC1B;CAV1;FN1;SEPTIN12;HCLS1;CTNNA3;SEPTIN3;ITGA5;WASF1;DNM1
KEGG_2021_Human	Sulfur metabolism	1/10	0.9009073731894456	0.9999963008850996	0	0	0.427209565357893	0.0445805276222681	SQOR
KEGG_2021_Human	Non-small cell lung cancer	11/72	0.9020184830911716	0.9999963008850996	0	0	0.6927464194108557	0.0714361963547216	PRKCG;KIF5C;PRKCB;CDKN2A;EGF;CDK4;KIF5A;E2F2;TP53;RXRG;EGFR
KEGG_2021_Human	Sphingolipid metabolism	7/49	0.9040387310724012	0.9999963008850996	0	0	0.6404126213592233	0.0646067947684015	SMPD3;CERS3;GAL3ST1;PSAPL1;DEGS2;B4GALT6;ENPP7
KEGG_2021_Human	Galactose metabolism	4/31	0.9077286121604624	0.9999963008850996	0	0	0.5693804403481822	0.0551216238300396	HK3;AKR1B10;SI;HK2
KEGG_2021_Human	Pathways of neurodegeneration	87/475	0.9082689840624396	0.9999963008850996	0	0	0.859443579667245	0.0826911115960228	RYR1;RYR2;CHRM1;CALML5;CALML6;CHRM5;FASLG;CALML3;TNF;COX6A2;SLC6A3;RYR3;GRM1;TUBB8;TUBA1C;PPP3CA;GRM5;CASP8;KIF5C;KIF5A;NEFL;NEFM;NOS1;NEFH;PRKCG;GABARAPL1;GPX2;PRKCB;CSNK2A3;WNT5A;GPX8;GPX7;CYBB;COX6B2;TUBA4A;DKK4;IL1A;PLCB4;IL1B;STX1A;CAMK2B;DNAH3;GRIA2;DNAH1;DNAH2;CAMK2A;DNAH6;WNT8A;ITPR1;CACNA1B;WNT8B;CACNA1D;CACNA1C;KLC1;CACNA1F;TUBA3E;GRIN2A;TUBA3D;KLC3;PPP3R2;KLC2;WNT11;CACNA1S;WNT1;DNAI1;SPTBN2;PRPH;SNCA;WNT10B;DNAH10;FZD2;BDNF;WNT7B;DNAH14;FZD9;SEPTIN5;GRIN2C;GRIN2B;TUBB4A;GRIN1;MAPK11;DLG4;NOX4;MAP3K10;SLC25A31;TUBA8;CDK5R1
KEGG_2021_Human	TNF signaling pathway	18/112	0.908828967271366	0.9999963008850996	0	0	0.7353396540028894	0.0702972629985922	VCAM1;RIPK3;CCL20;LIF;VEGFD;CXCL3;TNF;SELE;MMP9;CXCL10;MAPK11;MMP14;RPS6KA5;CASP8;CREB3L3;IL1B;CCL5;CCL2
KEGG_2021_Human	Prion disease	48/273	0.9102924774780652	0.9999963008850996	0	0	0.8183966658494729	0.0769205520782087	RYR1;C1QB;RYR2;C1QA;NCF1;NCF2;NCF4;CACNA1B;ITPR1;CACNA1D;CACNA1C;CACNA1F;KLC1;COX6A2;TNF;RYR3;TUBB8;PPP3CA;TUBA1C;TUBA3E;GRIN2A;TUBA3D;KLC3;PPP3R2;KLC2;CREB3L3;KIF5C;CCL5;KIF5A;RAC2;CACNA1S;CSNK2A3;CAV1;CYBB;GRIN2C;COX6B2;GRIN2B;TUBB4A;TUBA4A;GRIN1;IL1A;MAPK11;GRIN3B;GRIN3A;IL1B;SLC25A31;C1QC;TUBA8
KEGG_2021_Human	Inositol phosphate metabolism	11/73	0.9112765289269956	0.9999963008850996	0	0	0.6815299852659958	0.0633201899387356	PLCB4;INPP5F;ITPKA;INPP5J;PIP4K2A;PIP5K1B;PLCH1;SYNJ2;PLCH2;PIK3CG;MTMR7
KEGG_2021_Human	Vasopressin-regulated water reabsorption	6/44	0.9151176023887874	0.9999963008850996	0	0	0.6067127294090602	0.0538170540466106	CREB3L3;ARHGDIB;AVPR2;ARHGDIG;AVP;DYNC1I1
KEGG_2021_Human	Sphingolipid signaling pathway	19/119	0.9191225316226724	0.9999963008850996	0	0	0.7295204479065238	0.0615247154251853	PRKCG;CERS3;FCER1G;PRKCB;PRKCE;TNF;PRKCZ;KNG1;MAPK11;PLCB4;PPP2R2C;ADORA3;RAC2;FCER1A;S1PR3;DEGS2;S1PR2;S1PR5;TP53
KEGG_2021_Human	FoxO signaling pathway	21/131	0.9250103285317286	0.9999963008850996	0	0	0.7329030686799806	0.0571300694466739	PLK4;IL10;CDKN2D;GABARAPL1;TGFB1;EGF;IRS4;AGAP2;FASLG;FOXO4;SLC2A4;GRM1;PRKAG3;EGFR;CCNB2;MAPK11;CCNB1;CDK2;PCK1;IL7R;SGK2
KEGG_2021_Human	Insulin signaling pathway	22/137	0.9278008119530512	0.9999963008850996	0	0	0.7343663612773395	0.0550321017196123	CALML5;PKLR;CALML6;IRS4;CALML3;PYGM;PYGL;SLC2A4;PRKCZ;HK2;PRKAG3;SOCS2;GYS2;PPP1R3F;HK3;SOCS1;PRKAR1B;EIF4E1B;PPP1R3E;EIF4EBP1;PCK1;FBP1
KEGG_2021_Human	Base excision repair	4/33	0.9313712577577148	0.9999963008850996	0	0	0.5300459156790753	0.0376848377700461	NEIL3;PCNA;POLE2;NEIL1
KEGG_2021_Human	Biosynthesis of unsaturated fatty acids	3/27	0.9382194792128036	0.9999963008850996	0	0	0.480389185257032	0.0306350769472578	ELOVL3;ELOVL7;BAAT
KEGG_2021_Human	Fatty acid elongation	3/27	0.9382194792128036	0.9999963008850996	0	0	0.480389185257032	0.0306350769472578	ELOVL3;THEM5;ELOVL7
KEGG_2021_Human	Steroid biosynthesis	2/20	0.9391375295480332	0.9999963008850996	0	0	0.427070707070707	0.0268171989558141	CYP27B1;CEL
KEGG_2021_Human	Hepatitis C	25/157	0.9447262849134191	0.9999963008850996	0	0	0.7267796196977084	0.0413247175480683	IFNA6;FASLG;TNF;EGFR;CASP8;MYC;CLDN23;E2F2;IFNA21;IFNA13;EGF;CLDN6;CXCL10;CLDN3;OAS1;PPP2R2C;CLDN9;CDK4;CLDN14;OAS2;CLDN7;CDK2;CLDN16;TP53;TLR3
KEGG_2021_Human	Prostate cancer	14/97	0.954434726217582	0.9999963008850996	0	0	0.6475500836313891	0.0301991608975422	EGF;IL1R2;TMPRSS2;KLK3;MMP9;EGFR;AR;CREB3L3;PLAU;PDGFD;PDGFC;CDK2;E2F2;TP53
KEGG_2021_Human	Signaling pathways regulating pluripotency of stem cells	22/143	0.9556628232181624	0.9999963008850996	0	0	0.69768574908648	0.0316401348998228	WNT10B;LEFTY1;FZD2;WNT7B;WNT5A;ONECUT1;FZD9;LIF;WNT8A;WNT8B;ISL1;DUSP9;MAPK11;ACVR1C;WNT11;MYC;ID3;HOXA1;WNT1;FGFR3;LEFTY2;NODAL
KEGG_2021_Human	Fatty acid degradation	5/43	0.9588911023269876	0.9999963008850996	0	0	0.5054712837406471	0.0212185542107217	ADH1B;ACSL6;ADH7;CPT1B;ADH6
KEGG_2021_Human	Citrate cycle (TCA cycle)	3/30	0.9628587606949888	0.9999963008850996	0	0	0.4269317814419657	0.0161587462660159	IDH1;OGDHL;PCK1
KEGG_2021_Human	Pentose phosphate pathway	3/30	0.9628587606949888	0.9999963008850996	0	0	0.4269317814419657	0.0161587462660159	TKTL1;ALDOB;FBP1
KEGG_2021_Human	Mannose type O-glycan biosynthesis	2/23	0.9657676347843444	0.9999963008850996	0	0	0.365991341991342	0.0127482167948349	FUT9;MGAT5B
KEGG_2021_Human	Mismatch repair	2/23	0.9657676347843444	0.9999963008850996	0	0	0.365991341991342	0.0127482167948349	PCNA;EXO1
KEGG_2021_Human	Pancreatic cancer	10/76	0.9663542710642198	0.9999963008850996	0	0	0.5817342725285402	0.0199097227082327	TGFB1;RAD51;CDKN2A;EGF;CDK4;RAC2;E2F2;BRCA2;TP53;EGFR
KEGG_2021_Human	Neurotrophin signaling pathway	17/119	0.970849214611861	0.9999963008850996	0	0	0.6395377128953771	0.0189201550141732	CAMK2B;NGFR;CALML5;CALML6;BDNF;CAMK2A;ARHGDIG;MATK;CALML3;FASLG;MAPK11;RPS6KA6;RPS6KA5;CAMK4;ARHGDIB;NTF3;TP53
KEGG_2021_Human	Various types of N-glycan biosynthesis	4/39	0.9730891956571348	0.9999963008850996	0	0	0.4390145871591421	0.011976111701719	MGAT4C;CHST9;B4GALNT3;B4GALNT4
KEGG_2021_Human	AMPK signaling pathway	17/120	0.97358370922177	0.9999963008850996	0	0	0.6332884510901661	0.0169540627478455	ADIPOQ;IRS4;SLC2A4;CPT1B;ADRA1A;PRKAG3;CAMKK2;GYS2;CCNA2;CCNA1;CREB3L3;PPP2R2C;HNF4A;EIF4EBP1;PCK1;FBP1;CFTR
KEGG_2021_Human	Shigellosis	39/246	0.9768303182919604	0.9999963008850996	0	0	0.7220071471113758	0.0169255213465502	CXCL8;ARPC1B;ITPR1;SEPTIN12;FOXO4;TNF;EGFR;HK2;C3;PYCARD;HK3;ACTR3C;RPS6KA5;CYTH4;CCL5;H3C12;CASP1;H3C10;CD14;WASF1;H3C4;H3C7;H3C6;H3C8;GABARAPL1;PRKCE;IL18;SEPTIN3;MAPK11;H3-5;MYL7;PLCB4;MYL2;IL1B;PFN4;HCLS1;ITGA5;TP53;CD44
KEGG_2021_Human	Glycine, serine and threonine metabolism	4/40	0.9771165771466772	0.9999963008850996	0	0	0.4267927884226696	0.0098799596385395	BHMT;AOC2;PGAM4;AGXT
KEGG_2021_Human	Hepatocellular carcinoma	25/168	0.9776597666494964	0.9999963008850996	0	0	0.6704046806435885	0.0151468259196687	WNT8A;GSTT2;WNT8B;EGFR;WNT11;TERT;MYC;HMOX1;E2F2;WNT1;PRKCG;WNT10B;FZD2;TGFB1;ACTL6B;GSTO2;PRKCB;CDKN2A;WNT7B;WNT5A;ACTL6A;FZD9;CDK4;TP53;GSTM5
KEGG_2021_Human	Lysosome	18/128	0.9786190177482446	0.9999963008850996	0	0	0.6277439766366513	0.0135673468812825	ABCA2;NAPSA;PSAPL1;LAPTM5;CTSW;AP3B2;CTSS;AP1G2;HYAL1;LAMP3;CTSK;ACP5;IDS;ATP6V0A4;CTSE;CD68;ATP6V0D2;CTSC
KEGG_2021_Human	Selenocompound metabolism	1/17	0.9803679697370712	0.9999963008850996	0	0	0.2401993456131846	0.0047625041174585	INMT
KEGG_2021_Human	Pentose and glucuronate interconversions	3/34	0.9815976835044136	0.9999963008850996	0	0	0.3717499452457682	0.0069047888749755	AKR1B10;DHDH;UGT2B17
KEGG_2021_Human	Fatty acid biosynthesis	1/18	0.9844220375865116	0.9999963008850996	0	0	0.2260557155484588	0.0035492044663329	ACSL6
KEGG_2021_Human	Spinocerebellar ataxia	20/143	0.9844789961478686	0.9999963008850996	0	0	0.6235635767606763	0.0097542277321904	PRKCG;RYR1;GRIA2;PRKCB;KCNC3;ITPR1;CACNA1A;SLC1A6;GRIN2C;GRIN2B;GRM1;GRIN1;GRIN2A;GRIN3B;DAB1;GRIN3A;PLCB4;RELN;SLC25A31;SPTBN2
KEGG_2021_Human	Cysteine and methionine metabolism	5/50	0.9857733835035885	0.9999963008850996	0	0	0.4266537279637716	0.0061134295247624	IL4I1;BHMT;GOT1;BHMT2;LDHAL6A
KEGG_2021_Human	Thyroid cancer	3/37	0.9892927421444484	0.9999963008850996	0	0	0.3388842928053859	0.0036480870515232	MYC;RXRG;TP53
KEGG_2021_Human	Longevity regulating pathway	12/102	0.9934807277732	0.9999963008850996	0	0	0.5113973268529769	0.003344853279742	CREB3L3;EIF4E1B;CAMK4;ADIPOQ;IRS4;EIF4EBP1;ADCY1;TP53;PRKAG3;ADCY5;CAMKK2;FOXA2
KEGG_2021_Human	Thyroid hormone signaling pathway	15/121	0.9935538252757132	0.9999963008850996	0	0	0.5426019565376992	0.0035090291152406	PRKCG;PRKCB;ITGB3;DIO1;ATP1A4;DIO3;ATP1A3;GATA4;ATP1B1;PLCB4;MYC;RCAN2;TP53;RXRG;MYH6
KEGG_2021_Human	Terpenoid backbone biosynthesis	1/22	0.9938243299939132	0.9999963008850996	0	0	0.1829513191607229	0.0011333501859167	HMGCS2
KEGG_2021_Human	Valine, leucine and isoleucine degradation	4/48	0.9940512967375464	0.9999963008850996	0	0	0.3490177055542081	0.0020824027207922	IL4I1;OXCT2;HMGCS2;HMGCLL1
KEGG_2021_Human	Protein export	1/23	0.9950995837082912	0.9999963008850996	0	0	0.1746243334949103	0.0008578355252759449	SEC61G
KEGG_2021_Human	Alzheimer disease	57/369	0.9957049910804248	0.9999963008850996	0	0	0.698495085995086	0.0030065037365365	CHRM1;CALML5;CALML6;CHRM5;IRS4;CALML3;COX6A2;TNF;RYR3;TUBB8;PPP3CA;TUBA1C;GRM5;CASP8;KIF5C;KIF5A;NOS1;CSNK2A3;WNT5A;CYBB;COX6B2;TUBA4A;DKK4;BACE2;IL1A;PLCB4;IL1B;WNT8A;ITPR1;WNT8B;CACNA1D;GPR83;CACNA1C;CACNA1F;KLC1;TUBA3E;GRIN2A;TUBA3D;KLC3;PPP3R2;KLC2;WNT11;CACNA1S;WNT1;SNCA;WNT10B;FZD2;WNT7B;FZD9;GRIN2C;GRIN2B;TUBB4A;GRIN1;NOX4;SLC25A31;CDK5R1;TUBA8
KEGG_2021_Human	N-Glycan biosynthesis	4/50	0.995803085534122	0.9999963008850996	0	0	0.3338008415147265	0.0014038816310489	MGAT4C;MGAT5B;MGAT3;ALG10
KEGG_2021_Human	Endometrial cancer	5/58	0.9961001530179616	0.9999963008850996	0	0	0.3620700703999707	0.0014147783775246	EGF;MYC;CTNNA3;TP53;EGFR
KEGG_2021_Human	Vitamin digestion and absorption	1/24	0.9961114407160784	0.9999963008850996	0	0	0.1670214335391683	0.0006507387857535435	PNLIP
KEGG_2021_Human	Porphyrin and chlorophyll metabolism	3/43	0.9964849420733286	0.9999963008850996	0	0	0.2879425315227934	0.0010139177134078	HMOX1;UGT2B17;CP
KEGG_2021_Human	Notch signaling pathway	5/59	0.9966993244494976	0.9999963008850996	0	0	0.3553426060704081	0.0011748105544863	LFNG;PTCRA;JAG2;DTX3L;MFNG
KEGG_2021_Human	Diabetic cardiomyopathy	27/203	0.9975253792209956	0.9999963008850996	0	0	0.5873323170731707	0.0014552260658804	CAMK2B;RYR2;NCF1;NCF2;NCF4;CAMK2A;SLC2A4;PRKCZ;COX6A2;GYS2;RAC2;TNNI3;PRKCG;TGFB1;PRKCB;MMP2;CYBB;COX6B2;CPT1B;MMP9;COL1A1;MAPK11;COL3A1;COL1A2;PLCB4;REN;SLC25A31
KEGG_2021_Human	Glycosylphosphatidylinositol (GPI)-anchor biosynthesis	1/26	0.9975513005814448	0.9999963008850996	0	0	0.1536403296170625	0.0003766803627420285	PIGY
KEGG_2021_Human	Chronic myeloid leukemia	7/76	0.997750817796664	0.9999963008850996	0	0	0.3891515407344871	0.0008762585221765126	TGFB1;CDKN2A;CDK4;MYC;E2F2;TP53;RUNX1
KEGG_2021_Human	mRNA surveillance pathway	10/98	0.9980858312269392	0.9999963008850996	0	0	0.4356934661161039	0.000834790047122621	NXF2;NXT1;PPP2R2C;PABPC4L;NXF2B;PABPC1L2B;CPSF4L;PAPOLB;PABPC1L2A;PABPN1L
KEGG_2021_Human	Nucleotide excision repair	3/47	0.9983577371225286	0.9999963008850996	0	0	0.261699806013579	0.00043013316907840993	PCNA;POLE2;BIVM-ERCC5
KEGG_2021_Human	Parkinson disease	34/249	0.99838122659472	0.9999963008850996	0	0	0.604971619156927	0.0009801054665702063	CAMK2B;CALML5;CALML6;CAMK2A;ITPR1;CALML3;KLC1;COX6A2;RYR3;SLC6A3;ADCY5;TUBB8;TUBA1C;TUBA3E;TUBA3D;KLC3;KLC2;KIF5C;KIF5A;DRD1;DRD2;SLC18A1;SLC18A2;SNCA;SEPTIN5;COX6B2;TUBB4A;TUBA4A;GNAL;TH;ADORA2A;SLC25A31;TP53;TUBA8
KEGG_2021_Human	Adherens junction	6/71	0.9984415307737352	0.9999963008850996	0	0	0.3540888133948071	0.0005522669764514401	CSNK2A3;RAC2;SNAI2;CTNNA3;WASF1;EGFR
KEGG_2021_Human	Colorectal cancer	8/86	0.9985521613408382	0.9999963008850996	0	0	0.3932993445010925	0.0005698466181900466	TGFB1;EGF;MYC;RAC2;BIRC5;AREG;TP53;EGFR
KEGG_2021_Human	Amino sugar and nucleotide sugar metabolism	3/48	0.9986448056284516	0.9999963008850996	0	0	0.2558680892337536	0.0003469861643777948	CHIT1;HK3;HK2
KEGG_2021_Human	Ascorbate and aldarate metabolism	1/30	0.9990282764413732	0.9999963008850996	0	0	0.1324151302923429	0.0001287334584254691	UGT2B17
KEGG_2021_Human	Glyoxylate and dicarboxylate metabolism	1/30	0.9990282764413732	0.9999963008850996	0	0	0.1324151302923429	0.0001287334584254691	AGXT
KEGG_2021_Human	Peroxisome	7/82	0.9991278051280724	0.9999963008850996	0	0	0.357883495145631	0.0003122803536803116	PEX5L;IDH1;ACSL6;BAAT;AGXT;SLC27A2;HMGCLL1
KEGG_2021_Human	Amyotrophic lateral sclerosis	52/364	0.9993345744105816	0.9999963008850996	0	0	0.636441717791411	0.00042364557313175576	NXT1;COX6A2;TNF;TUBB8;PPP3CA;TUBA1C;KIF5C;KIF5A;CASP1;NEFL;NEFM;NOS1;NEFH;GABARAPL1;GPX2;GPX8;GPX7;COX6B2;TUBA4A;POM121L2;NRG3;NRG4;PFN4;ANG;TP53;DNAH3;GRIA2;DNAH1;DNAH2;DNAH6;SLC1A2;KLC1;TUBA3E;GRIN2A;TUBA3D;KLC3;NXF2;PPP3R2;KLC2;ERBB4;DNAI1;PRPH;DNAH10;DNAH14;GRIN2C;GRIN2B;TUBB4A;GRIN1;MAPK11;NXF2B;TUBA8;NUP37
KEGG_2021_Human	mTOR signaling pathway	17/154	0.999454827825598	0.9999963008850996	0	0	0.4750954588239472	0.0002590794522082655	PRKCG;WNT10B;ATP6V1G2;FZD2;PRKCB;WNT7B;WNT5A;FZD9;WNT8A;WNT8B;TNF;RPS6KA6;WNT11;EIF4E1B;EIF4EBP1;WNT1;ATP6V1B1
KEGG_2021_Human	Propanoate metabolism	1/34	0.9996134274146128	0.9999963008850996	0	0	0.116335433834222	4.498078415870064e-05	LDHAL6A
KEGG_2021_Human	Proteasome	2/46	0.9996873612328434	0.9999963008850996	0	0	0.1744242424242424	5.4540306265107137e-05	PSMB8;PSMB9
KEGG_2021_Human	Huntington disease	40/306	0.999793224884084	0.9999963008850996	0	0	0.5742396117526505	0.00011875074005584853	DNAH3;GRIA2;DNAH1;DNAH2;DNAH6;CACNA1B;ITPR1;SLC1A2;KLC1;COX6A2;TUBB8;TUBA1C;TUBA3E;TUBA3D;KLC3;GRM5;KLC2;CASP8;CREB3L3;KIF5C;KIF5A;DNAI1;GPX2;DNAH10;BDNF;DNAH14;GPX8;GPX7;COX6B2;GRIN2B;TUBB4A;TUBA4A;GRIN1;PLCB4;DLG4;MAP3K10;SLC25A31;TP53;STX1A;TUBA8
KEGG_2021_Human	Mitophagy	4/68	0.9998418510916646	0.9999963008850996	0	0	0.2396464952704341	3.790282883793855e-05	GABARAPL1;CSNK2A3;RAB7B;TP53
KEGG_2021_Human	Renal cell carcinoma	4/69	0.99986860278617	0.9999963008850996	0	0	0.2359447004608295	3.100451325643099e-05	TGFB1;PAK6;PAK3;PAK5
KEGG_2021_Human	Non-alcoholic fatty liver disease	15/155	0.9999181453637064	0.9999963008850996	0	0	0.4099412868260144	3.355696835033944e-05	TGFB1;CXCL8;PKLR;ADIPOQ;FASLG;COX6B2;COX6A2;TNF;PRKAG3;MLXIPL;IL1A;MAPK11;CASP8;IL1B;CYP2E1
KEGG_2021_Human	MicroRNAs in cancer	39/310	0.999923314857638	0.9999963008850996	0	0	0.5492432174810985	4.212040934941502e-05	SLC45A3;GLS2;CDCA5;ITGB3;TNC;HOXD10;EFNA4;THBS1;EGFR;GLS;RPS6KA5;SOCS1;PLAU;TNN;MYC;IGF2BP1;HMOX1;TNR;E2F2;BMF;SOX4;PRKCG;ST14;PRKCB;CDKN2A;PRKCE;HMGA2;KIF23;CDC25C;MMP9;SERPINB5;CDC25A;ITGA5;VIM;TP53;FGFR3;CD44;BCL2L2;EZH2
KEGG_2021_Human	Basal transcription factors	1/45	0.9999669557450448	0.9999963008850996	0	0	0.0871909840038778	2.8812087091791587e-06	GTF2A1L
KEGG_2021_Human	RNA degradation	4/79	0.9999777512569532	0.9999963008850996	0	0	0.2043560514188697	4.54671585764236e-06	PNLDC1;PABPC4L;PABPC1L2B;PABPC1L2A
KEGG_2021_Human	Oxidative phosphorylation	9/133	0.9999933443067706	0.9999963008850996	0	0	0.2775795484810979	1.8474904696284848e-06	ATP4B;ATP4A;ATP6V1G2;ATP6V0A4;COX6B2;COX6A2;ATP6V0D2;LHPP;ATP6V1B1
KEGG_2021_Human	Herpes simplex virus 1 infection	54/498	0.9999935576378548	0.9999963008850996	0	0	0.4607169162779278	2.9681147819779022e-06	IFNA6;ITGB3;FASLG;TNF;IFIH1;CASP8;ZNF727;ZNF208;ZNF248;HLA-DOA;HLA-DPA1;ZNF486;IFNA13;ZNF560;SYK;ZFP92;ZNF98;HLA-G;ZNF90;ZNF93;OAS1;OAS2;IL1B;ITGA5;ZNF676;TP53;ZNF311;TLR3;HLA-DQB1;ZNF233;TLR2;C3;HLA-DMA;NXF2;HLA-DMB;ZFP57;CCL5;EIF4EBP1;CCL2;HLA-DQA2;HLA-DQA1;IFNA21;ZNF540;CD74;HLA-DRB5;ZNF382;TNFSF14;ZNF813;HLA-DPB1;NXF2B;HLA-DRA;ZNF534;ZNF730;HLA-DRB1
KEGG_2021_Human	Ribosome biogenesis in eukaryotes	6/108	0.9999936671008252	0.9999963008850996	0	0	0.22511669069472	1.4256458189844663e-06	NXF2;NXT1;CSNK2A3;NXF2B;FBLL1;MDN1
KEGG_2021_Human	Olfactory transduction	39/440	0.9999937656840808	0.9999963008850996	0	0	0.3680915129007227	2.2948059319105317e-06	CAMK2B;SLC24A4;CALML5;OR13J1;CALML6;PDE1B;PDE1A;OR5K2;CAMK2A;OR2K2;ARRB1;CALML3;SLC8A2;OR2T33;GRK3;OR2W3;GNG7;PRKG2;CNGA3;OR2A42;CNGA4;OR2B6;OR51E1;OR1F1;OR2H2;OR14I1;PDE2A;OR2L2;OR4N2;OR2T8;OR10AD1;ANO2;GNG13;GNAL;OR2L13;OR13A1;OR13C2;OR3A3;CNGB1
KEGG_2021_Human	Thermogenesis	16/232	0.9999947832421502	0.9999963008850996	0	0	0.2821157328576448	1.4717333027823371e-06	KLB;ACTL6B;ACTL6A;ACSL6;ADCY1;COX6B2;CPT1B;COX6A2;PRKAG3;ADCY5;ADCY10;MAPK11;RPS6KA6;CREB3L3;PRKG2;PLIN1
KEGG_2021_Human	RNA transport	13/186	0.9999950555452156	0.9999963008850996	0	0	0.2867692722720388	1.4179212057262032e-06	CYFIP2;NXT1;POM121L2;NXF2;EIF4E1B;EEF1A2;PABPC4L;EIF4EBP1;NXF2B;TACC3;PABPC1L2B;PABPC1L2A;NUP37
KEGG_2021_Human	Protein processing in endoplasmic reticulum	8/171	0.9999952401631452	0.9999963008850996	0	0	0.1871917807199019	8.910044573215654e-07	LMAN1L;DNAJC5B;FBXO2;SEC61G;DNAJC5G;SVIP;SEC31B;PDIA4
KEGG_2021_Human	Autophagy	8/137	0.9999953039846996	0.9999963008850996	0	0	0.2370410519600038	1.1131510204895308e-06	VAMP8;GABARAPL1;TP53INP2;IRS4;ITPR1;RAB7B;PRAP1;CAMKK2
KEGG_2021_Human	Ribosome	1/158	0.9999953554248786	0.9999963008850996	0	0	0.0242612483829436	1.1268345233693957e-07	RPL36A-HNRNPH2
KEGG_2021_Human	Spliceosome	1/150	0.9999954301945564	0.9999963008850996	0	0	0.0255768786578482	1.1688162638171069e-07	SNRPG
KEGG_2021_Human	Ubiquitin mediated proteolysis	7/140	0.9999954999968336	0.9999963008850996	0	0	0.2010730710270822	9.048314921794824e-07	CDC20;SOCS1;HERC1;AIRE;UBE2C;FBXO2;UBE2QL1
KEGG_2021_Human	Lysine degradation	1/63	0.999996126770563	0.9999963008850996	0	0	0.061807108345191	2.3939357506920495e-07	EZH2
KEGG_2021_Human	Aminoacyl-tRNA biosynthesis	1/66	0.9999963008850996	0.9999963008850996	0	0	0.0589432864760058	2.1803839256271409e-07	TARS3
